en,fr,it,de,es,ko,kana
Abomasnow,Blizzaroi,Abomasnow,Rexblisar,Abomasnow,눈설왕,ユキノオー
Abomasnow,Blizzaroi,Abomasnow,Rexblisar,Abomasnow,눈설왕,ユキノオー
Abra,Abra,Abra,Abra,Abra,캐이시,ケーシィ
Absol,Absol,Absol,Absol,Absol,앱솔,アブソル
Absol,Absol,Absol,Absol,Absol,앱솔,アブソル
Accelgor,Limaspeed,Accelgor,Hydragil,Accelgor,어지리더,アギルダー
Aegislash,Exagide,Aegislash,Durengard,Aegislash,킬가르도,ギルガルド
Aegislash,Exagide,Aegislash,Durengard,Aegislash,킬가르도,ギルガルド
Aegislash,Exagide,Aegislash,Durengard,Aegislash,킬가르도,ギルガルド
Aerodactyl,Ptéra,Aerodactyl,Aerodactyl,Aerodactyl,프테라,プテラ
Aerodactyl,Ptéra,Aerodactyl,Aerodactyl,Aerodactyl,프테라,プテラ
Aggron,Galeking,Aggron,Stolloss,Aggron,보스로라,ボスゴドラ
Aggron,Galeking,Aggron,Stolloss,Aggron,보스로라,ボスゴドラ
Aipom,Capumain,Aipom,Griffel,Aipom,에이팜,エイパム
Alakazam,Alakazam,Alakazam,Simsala,Alakazam,후딘,フーディン
Alakazam,Alakazam,Alakazam,Simsala,Alakazam,후딘,フーディン
Alomomola,Mamanbo,Alomomola,Mamolida,Alomomola,맘복치,ママンボウ
Altaria,Altaria,Altaria,Altaria,Altaria,파비코리,チルタリス
Altaria,Altaria,Altaria,Altaria,Altaria,파비코리,チルタリス
Amaura,Amagara,Amaura,Amarino,Amaura,아마루스,アマルス
Ambipom,Capidextre,Ambipom,Ambidiffel,Ambipom,겟핸보숭,エテボース
Amoonguss,Gaulet,Amoonguss,Hutsassa,Amoonguss,뽀록나,モロバレル
Ampharos,Pharamp,Ampharos,Ampharos,Ampharos,전룡,デンリュウ
Ampharos,Pharamp,Ampharos,Ampharos,Ampharos,전룡,デンリュウ
Anorith,Anorith,Anorith,Anorith,Anorith,아노딥스,アノプス
Araquanid,Tarenbulle,Araquanid,Aranestro,Araquanid,깨비물거미,オニシズクモ
Arbok,Arbok,Arbok,Arbok,Arbok,아보크,アーボック
Arcanine,Arcanin,Arcanine,Arkani,Arcanine,윈디,ウインディ
Arceus,Arceus,Arceus,Arceus,Arceus,아르세우스,アルセウス
Arceus,Arceus,Arceus,Arceus,Arceus,아르세우스,アルセウス
Arceus,Arceus,Arceus,Arceus,Arceus,아르세우스,アルセウス
Arceus,Arceus,Arceus,Arceus,Arceus,아르세우스,アルセウス
Arceus,Arceus,Arceus,Arceus,Arceus,아르세우스,アルセウス
Arceus,Arceus,Arceus,Arceus,Arceus,아르세우스,アルセウス
Arceus,Arceus,Arceus,Arceus,Arceus,아르세우스,アルセウス
Arceus,Arceus,Arceus,Arceus,Arceus,아르세우스,アルセウス
Arceus,Arceus,Arceus,Arceus,Arceus,아르세우스,アルセウス
Arceus,Arceus,Arceus,Arceus,Arceus,아르세우스,アルセウス
Arceus,Arceus,Arceus,Arceus,Arceus,아르세우스,アルセウス
Arceus,Arceus,Arceus,Arceus,Arceus,아르세우스,アルセウス
Arceus,Arceus,Arceus,Arceus,Arceus,아르세우스,アルセウス
Arceus,Arceus,Arceus,Arceus,Arceus,아르세우스,アルセウス
Arceus,Arceus,Arceus,Arceus,Arceus,아르세우스,アルセウス
Arceus,Arceus,Arceus,Arceus,Arceus,아르세우스,アルセウス
Arceus,Arceus,Arceus,Arceus,Arceus,아르세우스,アルセウス
Arceus,Arceus,Arceus,Arceus,Arceus,아르세우스,アルセウス
Archen,Arkéapti,Archen,Flapteryx,Archen,아켄,アーケン
Archeops,Aéroptéryx,Archeops,Aeropteryx,Archeops,아케오스,アーケオス
Ariados,Migalos,Ariados,Ariados,Ariados,아리아도스,アリアドス
Armaldo,Armaldo,Armaldo,Armaldo,Armaldo,아말도,アーマルド
Aromatisse,Cocotine,Aromatisse,Parfinesse,Aromatisse,프레프티르,フレフワン
Aron,Galekid,Aron,Stollunior,Aron,가보리,ココドラ
Articuno,Artikodin,Articuno,Arktos,Articuno,프리져,フリーザー
Audino,Nanméouïe,Audino,Ohrdoch,Audino,다부니,タブンネ
Audino,Nanméouïe,Audino,Ohrdoch,Audino,다부니,タブンネ
Aurorus,Dragmara,Aurorus,Amagarga,Aurorus,아마루르가,アマルルガ
Avalugg,Séracrawl,Avalugg,Arktilas,Avalugg,크레베이스,クレベース
Axew,Coupenotte,Axew,Milza,Axew,터검니,キバゴ
Azelf,Créfadet,Azelf,Tobutz,Azelf,아그놈,アグノム
Azumarill,Azumarill,Azumarill,Azumarill,Azumarill,마릴리,マリルリ
Azurill,Azurill,Azurill,Azurill,Azurill,루리리,ルリリ
Bagon,Draby,Bagon,Kindwurm,Bagon,아공이,タツベイ
Baltoy,Balbuto,Baltoy,Puppance,Baltoy,오뚝군,ヤジロン
Banette,Branette,Banette,Banette,Banette,다크펫,ジュペッタ
Banette,Branette,Banette,Banette,Banette,다크펫,ジュペッタ
Barbaracle,Golgopathe,Barbaracle,Thanathora,Barbaracle,거북손데스,ガメノデス
Barboach,Barloche,Barboach,Schmerbe,Barboach,미꾸리,ドジョッチ
Basculin,Bargantua,Basculin,Barschuft,Basculin,배쓰나이,バスラオ
Basculin,Bargantua,Basculin,Barschuft,Basculin,배쓰나이,バスラオ
Bastiodon,Bastiodon,Bastiodon,Bollterus,Bastiodon,바리톱스,トリデプス
Bayleef,Macronium,Bayleef,Lorblatt,Bayleef,베이리프,ベイリーフ
Beartic,Polagriffe,Beartic,Siberio,Beartic,툰베어,ツンベアー
Beautifly,Charmillon,Beautifly,Papinella,Beautifly,뷰티플라이,アゲハント
Beedrill,Dardargnan,Beedrill,Bibor,Beedrill,독침붕,スピアー
Beedrill,Dardargnan,Beedrill,Bibor,Beedrill,독침붕,スピアー
Beheeyem,Neitram,Beheeyem,Megalon,Beheeyem,벰크,オーベム
Beldum,Terhal,Beldum,Tanhel,Beldum,메탕,ダンバル
Bellossom,Joliflor,Bellossom,Blubella,Bellossom,아르코,キレイハナ
Bellsprout,Chétiflor,Bellsprout,Knofensa,Bellsprout,모다피,マダツボミ
Bergmite,Grelaçon,Bergmite,Arktip,Bergmite,꽁어름,カチコール
Bewear,Chelours,Bewear,Kosturso,Bewear,이븐곰,キテルグマ
Bibarel,Castorno,Bibarel,Bidifas,Bibarel,비버통,ビーダル
Bidoof,Keunotor,Bidoof,Bidiza,Bidoof,비버니,ビッパ
Binacle,Opermine,Binacle,Bithora,Binacle,거북손손,カメテテ
Bisharp,Scalproie,Bisharp,Caesurio,Bisharp,절각참,キリキザン
Blacephalon,Pierroteknik,Blacephalon,Kopplosio,Blacephalon,두파팡,ズガドーン
Blastoise,Tortank,Blastoise,Turtok,Blastoise,거북왕,カメックス
Blastoise,Tortank,Blastoise,Turtok,Blastoise,거북왕,カメックス
Blaziken,Braségali,Blaziken,Lohgock,Blaziken,번치코,バシャーモ
Blaziken,Braségali,Blaziken,Lohgock,Blaziken,번치코,バシャーモ
Blissey,Leuphorie,Blissey,Heiteira,Blissey,해피너스,ハピナス
Blitzle,Zébibron,Blitzle,Elezeba,Blitzle,줄뮤마,シママ
Boldore,Géolithe,Boldore,Sedimantur,Boldore,암트르,ガントル
Bonsly,Manzaï,Bonsly,Mobai,Bonsly,꼬지지,ウソハチ
Bouffalant,Frison,Bouffalant,Bisofank,Bouffalant,버프론,バッフロン
Bounsweet,Croquine,Bounsweet,Frubberl,Bounsweet,달콤아,アマカジ
Braixen,Roussil,Braixen,Rutena,Braixen,테르나,テールナー
Braviary,Gueriaigle,Braviary,Washakwil,Braviary,워글,ウォーグル
Breloom,Chapignon,Breloom,Kapilz,Breloom,버섯모,キノガッサ
Brionne,Otarlette,Brionne,Marikeck,Brionne,키요공,オシャマリ
Bronzong,Archéodong,Bronzong,Bronzong,Bronzong,동탁군,ドータクン
Bronzor,Archéomire,Bronzor,Bronzel,Bronzor,동미러,ドーミラー
Bruxish,Denticrisse,Bruxish,Knirfish,Bruxish,치갈기,ハギギシリ
Budew,Rozbouton,Budew,Knospi,Budew,꼬몽울,スボミー
Buizel,Mustébouée,Buizel,Bamelin,Buizel,브이젤,ブイゼル
Bulbasaur,Bulbizarre,Bulbasaur,Bisasam,Bulbasaur,이상해씨,フシギダネ
Buneary,Laporeille,Buneary,Haspiror,Buneary,이어롤,ミミロル
Bunnelby,Sapereau,Bunnelby,Scoppel,Bunnelby,파르빗,ホルビー
Burmy,Cheniti,Burmy,Burmy,Burmy,도롱충이,ミノムッチ
Burmy,Cheniti,Burmy,Burmy,Burmy,도롱충이,ミノムッチ
Burmy,Cheniti,Burmy,Burmy,Burmy,도롱충이,ミノムッチ
Burmy,Cheniti,Burmy,Burmy,Burmy,도롱충이,ミノムッチ
Butterfree,Papilusion,Butterfree,Smettbo,Butterfree,버터플,バタフリー
Buzzwole,Mouscoto,Buzzwole,Masskito,Buzzwole,매시붕,マッシブーン
Cacnea,Cacnea,Cacnea,Tuska,Cacnea,선인왕,サボネア
Cacturne,Cacturne,Cacturne,Noktuska,Cacturne,밤선인,ノクタス
Camerupt,Camérupt,Camerupt,Camerupt,Camerupt,폭타,バクーダ
Camerupt,Camérupt,Camerupt,Camerupt,Camerupt,폭타,バクーダ
Carbink,Strassie,Carbink,Rocara,Carbink,멜리시,メレシー
Carnivine,Vortente,Carnivine,Venuflibis,Carnivine,무스틈니,マスキッパ
Carracosta,Mégapagos,Carracosta,Karippas,Carracosta,늑골라,アバゴーラ
Carvanha,Carvanha,Carvanha,Kanivanha,Carvanha,샤프니아,キバニア
Cascoon,Blindalys,Cascoon,Panekon,Cascoon,카스쿤,マユルド
Castform,Morphéo,Castform,Formeo,Castform,캐스퐁,ポワルン
Castform,Morphéo,Castform,Formeo,Castform,캐스퐁,ポワルン
Castform,Morphéo,Castform,Formeo,Castform,캐스퐁,ポワルン
Castform,Morphéo,Castform,Formeo,Castform,캐스퐁,ポワルン
Castform,Morphéo,Castform,Formeo,Castform,캐스퐁,ポワルン
Caterpie,Chenipan,Caterpie,Raupy,Caterpie,캐터피,キャタピー
Celebi,Celebi,Celebi,Celebi,Celebi,세레비,セレビィ
Celesteela,Bamboiselle,Celesteela,Kaguron,Celesteela,철화구야,テッカグヤ
Chandelure,Lugulabre,Chandelure,Skelabra,Chandelure,샹델라,シャンデラ
Chansey,Leveinard,Chansey,Chaneira,Chansey,럭키,ラッキー
Charizard,Dracaufeu,Charizard,Glurak,Charizard,리자몽,リザードン
Charizard,Dracaufeu,Charizard,Glurak,Charizard,리자몽,リザードン
Charizard,Dracaufeu,Charizard,Glurak,Charizard,리자몽,リザードン
Charjabug,Chrysapile,Charjabug,Akkup,Charjabug,전지충이,デンヂムシ
Charmander,Salamèche,Charmander,Glumanda,Charmander,파이리,ヒトカゲ
Charmeleon,Reptincel,Charmeleon,Glutexo,Charmeleon,리자드,リザード
Chatot,Pijako,Chatot,Plaudagei,Chatot,페라페,ペラップ
Cherrim,Ceriflor,Cherrim,Kinoso,Cherrim,체리꼬,チェリム
Cherrim,Ceriflor,Cherrim,Kinoso,Cherrim,체리꼬,チェリム
Cherubi,Ceribou,Cherubi,Kikugi,Cherubi,체리버,チェリンボ
Chesnaught,Blindépique,Chesnaught,Brigaron,Chesnaught,브리가론,ブリガロン
Chespin,Marisson,Chespin,Igamaro,Chespin,도치마론,ハリマロン
Chikorita,Germignon,Chikorita,Endivie,Chikorita,치코리타,チコリータ
Chimchar,Ouisticram,Chimchar,Panflam,Chimchar,불꽃숭이,ヒコザル
Chimecho,Éoko,Chimecho,Palimpalim,Chimecho,치렁,チリーン
Chinchou,Loupio,Chinchou,Lampi,Chinchou,초라기,チョンチー
Chingling,Korillon,Chingling,Klingplim,Chingling,랑딸랑,リーシャン
Cinccino,Pashmilla,Cinccino,Chillabell,Cinccino,치라치노,チラチーノ
Clamperl,Coquiperl,Clamperl,Perlu,Clamperl,진주몽,パールル
Clauncher,Flingouste,Clauncher,Scampisto,Clauncher,완철포,ウデッポウ
Clawitzer,Gamblast,Clawitzer,Wummer,Clawitzer,블로스터,ブロスター
Claydol,Kaorine,Claydol,Lepumentas,Claydol,점토도리,ネンドール
Clefable,Mélodelfe,Clefable,Pixi,Clefable,픽시,ピクシー
Clefairy,Mélofée,Clefairy,Piepi,Clefairy,삐삐,ピッピ
Cleffa,Mélo,Cleffa,Pii,Cleffa,삐,ピィ
Cloyster,Crustabri,Cloyster,Austos,Cloyster,파르셀,パルシェン
Cobalion,Cobaltium,Cobalion,Kobalium,Cobalion,코바르온,コバルオン
Cofagrigus,Tutankafer,Cofagrigus,Echnatoll,Cofagrigus,데스니칸,デスカーン
Combee,Apitrini,Combee,Wadribie,Combee,세꿀버리,ミツハニー
Combusken,Galifeu,Combusken,Jungglut,Combusken,영치코,ワカシャモ
Comfey,Guérilande,Comfey,Curelei,Comfey,큐아링,キュワワー
Conkeldurr,Bétochef,Conkeldurr,Meistagrif,Conkeldurr,노보청,ローブシン
Corphish,Écrapince,Corphish,Krebscorps,Corphish,가재군,ヘイガニ
Corsola,Corayon,Corsola,Corasonn,Corsola,코산호,サニーゴ
Cosmoem,Cosmovum,Cosmoem,Cosmovum,Cosmoem,코스모움,コスモウム
Cosmog,Cosmog,Cosmog,Cosmog,Cosmog,코스모그,コスモッグ
Cottonee,Doudouvet,Cottonee,Waumboll,Cottonee,소미안,モンメン
Crabominable,Crabominable,Crabominable,Krawell,Crabominable,모단단게,ケケンカニ
Crabrawler,Crabagarre,Crabrawler,Krabbox,Crabrawler,오기지게,マケンカニ
Cradily,Vacilys,Cradily,Wielie,Cradily,릴리요,ユレイドル
Cranidos,Kranidos,Cranidos,Koknodon,Cranidos,두개도스,ズガイドス
Crawdaunt,Colhomard,Crawdaunt,Krebutack,Crawdaunt,가재장군,シザリガー
Cresselia,Cresselia,Cresselia,Cresselia,Cresselia,크레세리아,クレセリア
Croagunk,Cradopaud,Croagunk,Glibunkel,Croagunk,삐딱구리,グレッグル
Crobat,Nostenfer,Crobat,Iksbat,Crobat,크로뱃,クロバット
Croconaw,Crocrodil,Croconaw,Tyracroc,Croconaw,엘리게이,アリゲイツ
Crustle,Crabaraque,Crustle,Castellith,Crustle,암팰리스,イワパレス
Cryogonal,Hexagel,Cryogonal,Frigometri,Cryogonal,프리지오,フリージオ
Cubchoo,Polarhume,Cubchoo,Petznief,Cubchoo,코고미,クマシュン
Cubone,Osselait,Cubone,Tragosso,Cubone,탕구리,カラカラ
Cutiefly,Bombydou,Cutiefly,Wommel,Cutiefly,에블리,アブリー
Cyndaquil,Héricendre,Cyndaquil,Feurigel,Cyndaquil,브케인,ヒノアラシ
Darkrai,Darkrai,Darkrai,Darkrai,Darkrai,다크라이,ダークライ
Darmanitan,Darumacho,Darmanitan,Flampivian,Darmanitan,불비달마,ヒヒダルマ
Darmanitan,Darumacho,Darmanitan,Flampivian,Darmanitan,불비달마,ヒヒダルマ
Darmanitan,Darumacho,Darmanitan,Flampivian,Darmanitan,불비달마,ヒヒダルマ
Dartrix,Efflèche,Dartrix,Arboretoss,Dartrix,빼미스로우,フクスロー
Darumaka,Darumarond,Darumaka,Flampion,Darumaka,달막화,ダルマッカ
Decidueye,Archéduc,Decidueye,Silvarro,Decidueye,모크나이퍼,ジュナイパー
Dedenne,Dedenne,Dedenne,Dedenne,Dedenne,데덴네,デデンネ
Deerling,Vivaldaim,Deerling,Sesokitz,Deerling,사철록,シキジカ
Deerling,Vivaldaim,Deerling,Sesokitz,Deerling,사철록,シキジカ
Deerling,Vivaldaim,Deerling,Sesokitz,Deerling,사철록,シキジカ
Deerling,Vivaldaim,Deerling,Sesokitz,Deerling,사철록,シキジカ
Deino,Solochi,Deino,Kapuno,Deino,모노두,モノズ
Delcatty,Delcatty,Delcatty,Enekoro,Delcatty,델케티,エネコロロ
Delibird,Cadoizo,Delibird,Botogel,Delibird,딜리버드,デリバード
Delphox,Goupelin,Delphox,Fennexis,Delphox,마폭시,マフォクシー
Deoxys,Deoxys,Deoxys,Deoxys,Deoxys,테오키스,デオキシス
Deoxys,Deoxys,Deoxys,Deoxys,Deoxys,테오키스,デオキシス
Deoxys,Deoxys,Deoxys,Deoxys,Deoxys,테오키스,デオキシス
Deoxys,Deoxys,Deoxys,Deoxys,Deoxys,테오키스,デオキシス
Dewgong,Lamantine,Dewgong,Jugong,Dewgong,쥬레곤,ジュゴン
Dewott,Mateloutre,Dewott,Zwottronin,Dewott,쌍검자비,フタチマル
Dewpider,Araqua,Dewpider,Araqua,Dewpider,물거미,シズクモ
Dhelmise,Sinistrail,Dhelmise,Moruda,Dhelmise,타타륜,ダダリン
Dialga,Dialga,Dialga,Dialga,Dialga,디아루가,ディアルガ
Diancie,Diancie,Diancie,Diancie,Diancie,디안시,ディアンシー
Diancie,Diancie,Diancie,Diancie,Diancie,디안시,ディアンシー
Diggersby,Excavarenne,Diggersby,Grebbit,Diggersby,파르토,ホルード
Diglett,Taupiqueur,Diglett,Digda,Diglett,디그다,ディグダ
Diglett,Taupiqueur,Diglett,Digda,Diglett,디그다,ディグダ
Ditto,Métamorph,Ditto,Ditto,Ditto,메타몽,メタモン
Dodrio,Dodrio,Dodrio,Dodri,Dodrio,두트리오,ドードリオ
Doduo,Doduo,Doduo,Dodu,Doduo,두두,ドードー
Donphan,Donphan,Donphan,Donphan,Donphan,코리갑,ドンファン
Doublade,Dimoclès,Doublade,Duokles,Doublade,쌍검킬,ニダンギル
Dragalge,Kravarech,Dragalge,Tandrak,Dragalge,드래캄,ドラミドロ
Dragonair,Draco,Dragonair,Dragonir,Dragonair,신뇽,ハクリュー
Dragonite,Dracolosse,Dragonite,Dragoran,Dragonite,망나뇽,カイリュー
Drampa,Draïeul,Drampa,Sen-Long,Drampa,할비롱,ジジーロン
Drapion,Drascore,Drapion,Piondragi,Drapion,드래피온,ドラピオン
Dratini,Minidraco,Dratini,Dratini,Dratini,미뇽,ミニリュウ
Drifblim,Grodrive,Drifblim,Drifzepeli,Drifblim,둥실라이드,フワライド
Drifloon,Baudrive,Drifloon,Driftlon,Drifloon,흔들풍손,フワンテ
Drilbur,Rototaupe,Drilbur,Rotomurf,Drilbur,두더류,モグリュー
Drilbur,Rototaupe,Drilbur,Rotomurf,Drilbur,두더류,モグリュー
Drowzee,Soporifik,Drowzee,Traumato,Drowzee,슬리프,スリープ
Druddigon,Drakkarmin,Druddigon,Shardrago,Druddigon,크리만,クリムガン
Ducklett,Couaneton,Ducklett,Piccolente,Ducklett,꼬지보리,コアルヒー
Dugtrio,Triopikeur,Dugtrio,Digdri,Dugtrio,닥트리오,ダグトリオ
Dugtrio,Triopikeur,Dugtrio,Digdri,Dugtrio,닥트리오,ダグトリオ
Dunsparce,Insolourdo,Dunsparce,Dummisel,Dunsparce,노고치,ノコッチ
Duosion,Méios,Duosion,Mitodos,Duosion,듀란,ダブラン
Durant,Fermite,Durant,Fermicula,Durant,아이앤트,アイアント
Dusclops,Téraclope,Dusclops,Zwirrklop,Dusclops,미라몽,サマヨール
Dusknoir,Noctunoir,Dusknoir,Zwirrfinst,Dusknoir,야느와르몽,ヨノワール
Duskull,Skelénox,Duskull,Zwirrlicht,Duskull,해골몽,ヨマワル
Dustox,Papinox,Dustox,Pudox,Dustox,독케일,ドクケイル
Dwebble,Crabicoque,Dwebble,Lithomith,Dwebble,돌살이,イシズマイ
Eelektrik,Lampéroie,Eelektrik,Zapplalek,Eelektrik,저리릴,シビビール
Eelektross,Ohmassacre,Eelektross,Zapplarang,Eelektross,저리더프,シビルドン
Eevee,Évoli,Eevee,Evoli,Eevee,이브이,イーブイ
Ekans,Abo,Ekans,Rettan,Ekans,아보,アーボ
Electabuzz,Élektek,Electabuzz,Elektek,Electabuzz,에레브,エレブー
Electivire,Élekable,Electivire,Elevoltek,Electivire,에레키블,エレキブル
Electrike,Dynavolt,Electrike,Frizelbliz,Electrike,썬더라이,ラクライ
Electrode,Électrode,Electrode,Lektrobal,Electrode,붐볼,マルマイン
Elekid,Élekid,Elekid,Elekid,Elekid,에레키드,エレキッド
Elgyem,Lewsor,Elgyem,Pygraulon,Elgyem,리그레,リグレー
Emboar,Roitiflam,Emboar,Flambirex,Emboar,염무왕,エンブオー
Emolga,Emolga,Emolga,Emolga,Emolga,에몽가,エモンガ
Empoleon,Pingoléon,Empoleon,Impoleon,Empoleon,엠페르트,エンペルト
Entei,Entei,Entei,Entei,Entei,앤테이,エンテイ
Escavalier,Lançargot,Escavalier,Cavalanzas,Escavalier,슈바르고,シュバルゴ
Espeon,Mentali,Espeon,Psiana,Espeon,에브이,エーフィ
Espurr,Psystigri,Espurr,Psiau,Espurr,냐스퍼,ニャスパー
Excadrill,Minotaupe,Excadrill,Stalobor,Excadrill,몰드류,ドリュウズ
Exeggcute,Noeunoeuf,Exeggcute,Owei,Exeggcute,아라리,タマタマ
Exeggcute,Noeunoeuf,Exeggcute,Owei,Exeggcute,아라리,タマタマ
Exeggcute,Noeunoeuf,Exeggcute,Owei,Exeggcute,아라리,タマタマ
Exeggutor,Noadkoko,Exeggutor,Kokowei,Exeggutor,나시,ナッシー
Exeggutor,Noadkoko,Exeggutor,Kokowei,Exeggutor,나시,ナッシー
Exploud,Brouhabam,Exploud,Krawumms,Exploud,폭음룡,バクオング
Farfetch’d,Canarticho,Farfetch’d,Porenta,Farfetch’d,파오리,カモネギ
Fearow,Rapasdepic,Fearow,Ibitak,Fearow,깨비드릴조,オニドリル
Feebas,Barpau,Feebas,Barschwa,Feebas,빈티나,ヒンバス
Fennekin,Feunnec,Fennekin,Fynx,Fennekin,푸호꼬,フォッコ
Feraligatr,Aligatueur,Feraligatr,Impergator,Feraligatr,장크로다일,オーダイル
Ferroseed,Grindur,Ferroseed,Kastadur,Ferroseed,철시드,テッシード
Ferrothorn,Noacier,Ferrothorn,Tentantel,Ferrothorn,너트령,ナットレイ
Finneon,Écayon,Finneon,Finneon,Finneon,형광어,ケイコウオ
Flaaffy,Lainergie,Flaaffy,Waaty,Flaaffy,보송송,モココ
Flabébé,Flabébé,Flabébé,Flabébé,Flabébé,플라베베,フラベベ
Flabébé,Flabébé,Flabébé,Flabébé,Flabébé,플라베베,フラベベ
Flabébé,Flabébé,Flabébé,Flabébé,Flabébé,플라베베,フラベベ
Flabébé,Flabébé,Flabébé,Flabébé,Flabébé,플라베베,フラベベ
Flabébé,Flabébé,Flabébé,Flabébé,Flabébé,플라베베,フラベベ
Flareon,Pyroli,Flareon,Flamara,Flareon,부스터,ブースター
Fletchinder,Braisillon,Fletchinder,Dartignis,Fletchinder,불화살빈,ヒノヤコマ
Fletchling,Passerouge,Fletchling,Dartiri,Fletchling,화살꼬빈,ヤヤコマ
Floatzel,Mustéflott,Floatzel,Bojelin,Floatzel,플로젤,フローゼル
Floette,Floette,Floette,Floette,Floette,플라엣테,フラエッテ
Floette,Floette,Floette,Floette,Floette,플라엣테,フラエッテ
Floette,Floette,Floette,Floette,Floette,플라엣테,フラエッテ
Floette,Floette,Floette,Floette,Floette,플라엣테,フラエッテ
Floette,Floette,Floette,Floette,Floette,플라엣테,フラエッテ
Florges,Florges,Florges,Florges,Florges,플라제스,フラージェス
Florges,Florges,Florges,Florges,Florges,플라제스,フラージェス
Florges,Florges,Florges,Florges,Florges,플라제스,フラージェス
Florges,Florges,Florges,Florges,Florges,플라제스,フラージェス
Florges,Florges,Florges,Florges,Florges,플라제스,フラージェス
Flygon,Libégon,Flygon,Libelldra,Flygon,플라이곤,フライゴン
Fomantis,Mimantis,Fomantis,Imantis,Fomantis,짜랑랑,カリキリ
Foongus,Trompignon,Foongus,Tarnpignon,Foongus,깜놀버슬,タマゲタケ
Forretress,Foretress,Forretress,Forstellka,Forretress,쏘콘,フォレトス
Fraxure,Incisache,Fraxure,Sharfax,Fraxure,액슨도,オノンド
Frillish,Viskuse,Frillish,Quabbel,Frillish,탱그릴,プルリル
Froakie,Grenousse,Froakie,Froxy,Froakie,개구마르,ケロマツ
Frogadier,Croâporal,Frogadier,Amphizel,Frogadier,개굴반장,ゲコガシラ
Froslass,Momartik,Froslass,Frosdedje,Froslass,눈여아,ユキメノコ
Furfrou,Couafarel,Furfrou,Coiffwaff,Furfrou,트리미앙,トリミアン
Furfrou,Couafarel,Furfrou,Coiffwaff,Furfrou,트리미앙,トリミアン
Furfrou,Couafarel,Furfrou,Coiffwaff,Furfrou,트리미앙,トリミアン
Furfrou,Couafarel,Furfrou,Coiffwaff,Furfrou,트리미앙,トリミアン
Furfrou,Couafarel,Furfrou,Coiffwaff,Furfrou,트리미앙,トリミアン
Furfrou,Couafarel,Furfrou,Coiffwaff,Furfrou,트리미앙,トリミアン
Furfrou,Couafarel,Furfrou,Coiffwaff,Furfrou,트리미앙,トリミアン
Furfrou,Couafarel,Furfrou,Coiffwaff,Furfrou,트리미앙,トリミアン
Furfrou,Couafarel,Furfrou,Coiffwaff,Furfrou,트리미앙,トリミアン
Furfrou,Couafarel,Furfrou,Coiffwaff,Furfrou,트리미앙,トリミアン
Furret,Fouinar,Furret,Wiesenior,Furret,다꼬리,オオタチ
Gabite,Carmache,Gabite,Knarksel,Gabite,한바이트,ガバイト
Gallade,Gallame,Gallade,Galagladi,Gallade,엘레이드,エルレイド
Gallade,Gallame,Gallade,Galagladi,Gallade,엘레이드,エルレイド
Galvantula,Mygavolt,Galvantula,Voltula,Galvantula,전툴라,デンチュラ
Garbodor,Miasmax,Garbodor,Deponitox,Garbodor,더스트나,ダストダス
Garbodor,Miasmax,Garbodor,Deponitox,Garbodor,더스트나,ダストダス
Garbodor,Miasmax,Garbodor,Deponitox,Garbodor,더스트나,ダストダス
Garbodor,Miasmax,Garbodor,Deponitox,Garbodor,더스트나,ダストダス
Garchomp,Carchacrok,Garchomp,Knakrack,Garchomp,한카리아스,ガブリアス
Garchomp,Carchacrok,Garchomp,Knakrack,Garchomp,한카리아스,ガブリアス
Gardevoir,Gardevoir,Gardevoir,Guardevoir,Gardevoir,가디안,サーナイト
Gardevoir,Gardevoir,Gardevoir,Guardevoir,Gardevoir,가디안,サーナイト
Gastly,Fantominus,Gastly,Nebulak,Gastly,고오스,ゴース
Gastrodon,Tritosor,Gastrodon,Gastrodon,Gastrodon,트리토돈,トリトドン
Gastrodon,Tritosor,Gastrodon,Gastrodon,Gastrodon,트리토돈,トリトドン
Genesect,Genesect,Genesect,Genesect,Genesect,게노세크트,ゲノセクト
Genesect,Genesect,Genesect,Genesect,Genesect,게노세크트,ゲノセクト
Genesect,Genesect,Genesect,Genesect,Genesect,게노세크트,ゲノセクト
Genesect,Genesect,Genesect,Genesect,Genesect,게노세크트,ゲノセクト
Genesect,Genesect,Genesect,Genesect,Genesect,게노세크트,ゲノセクト
Gengar,Ectoplasma,Gengar,Gengar,Gengar,팬텀,ゲンガー
Gengar,Ectoplasma,Gengar,Gengar,Gengar,팬텀,ゲンガー
Geodude,Racaillou,Geodude,Kleinstein,Geodude,꼬마돌,イシツブテ
Geodude,Racaillou,Geodude,Kleinstein,Geodude,꼬마돌,イシツブテ
Gible,Griknot,Gible,Kaumalat,Gible,딥상어동,フカマル
Gigalith,Gigalithe,Gigalith,Brockoloss,Gigalith,기가이어스,ギガイアス
Girafarig,Girafarig,Girafarig,Girafarig,Girafarig,키링키,キリンリキ
Giratina,Giratina,Giratina,Giratina,Giratina,기라티나,ギラティナ
Giratina,Giratina,Giratina,Giratina,Giratina,기라티나,ギラティナ
Glaceon,Givrali,Glaceon,Glaziola,Glaceon,글레이시아,グレイシア
Glalie,Oniglali,Glalie,Firnontor,Glalie,얼음귀신,オニゴーリ
Glalie,Oniglali,Glalie,Firnontor,Glalie,얼음귀신,オニゴーリ
Glameow,Chaglam,Glameow,Charmian,Glameow,나옹마,ニャルマー
Gligar,Scorplane,Gligar,Skorgla,Gligar,글라이거,グライガー
Gliscor,Scorvol,Gliscor,Skorgro,Gliscor,글라이온,グライオン
Gloom,Ortide,Gloom,Duflor,Gloom,냄새꼬,クサイハナ
Gogoat,Chevroum,Gogoat,Chevrumm,Gogoat,고고트,ゴーゴート
Golbat,Nosferalto,Golbat,Golbat,Golbat,골뱃,ゴルバット
Goldeen,Poissirène,Goldeen,Goldini,Goldeen,콘치,トサキント
Golduck,Akwakwak,Golduck,Entoron,Golduck,골덕,ゴルダック
Golem,Grolem,Golem,Geowaz,Golem,딱구리,ゴローニャ
Golem,Grolem,Golem,Geowaz,Golem,딱구리,ゴローニャ
Golett,Gringolem,Golett,Golbit,Golett,골비람,ゴビット
Golisopod,Sarmuraï,Golisopod,Tectass,Golisopod,갑주무사,グソクムシャ
Golurk,Golemastoc,Golurk,Golgantes,Golurk,골루그,ゴルーグ
Goodra,Muplodocus,Goodra,Viscogon,Goodra,미끄래곤,ヌメルゴン
Goomy,Mucuscule,Goomy,Viscora,Goomy,미끄메라,ヌメラ
Gorebyss,Rosabyss,Gorebyss,Saganabyss,Gorebyss,분홍장이,サクラビス
Gothita,Scrutella,Gothita,Mollimorba,Gothita,고디탱,ゴチム
Gothitelle,Sidérella,Gothitelle,Morbitesse,Gothitelle,고디모아젤,ゴチルゼル
Gothorita,Mesmérella,Gothorita,Hypnomorba,Gothorita,고디보미,ゴチミル
Gourgeist,Banshitrouye,Gourgeist,Pumpdjinn,Gourgeist,펌킨인,パンプジン
Gourgeist,Banshitrouye,Gourgeist,Pumpdjinn,Gourgeist,펌킨인,パンプジン
Gourgeist,Banshitrouye,Gourgeist,Pumpdjinn,Gourgeist,펌킨인,パンプジン
Gourgeist,Banshitrouye,Gourgeist,Pumpdjinn,Gourgeist,펌킨인,パンプジン
Granbull,Granbull,Granbull,Granbull,Granbull,그랑블루,グランブル
Graveler,Gravalanch,Graveler,Georok,Graveler,데구리,ゴローン
Graveler,Gravalanch,Graveler,Georok,Graveler,데구리,ゴローン
Graveler,Gravalanch,Graveler,Georok,Graveler,데구리,ゴローン
Greninja,Amphinobi,Greninja,Quajutsu,Greninja,개굴닌자,ゲッコウガ
Greninja,Amphinobi,Greninja,Quajutsu,Greninja,개굴닌자,ゲッコウガ
Grimer,Tadmorv,Grimer,Sleima,Grimer,질퍽이,ベトベター
Grimer,Tadmorv,Grimer,Sleima,Grimer,질퍽이,ベトベター
Grotle,Boskara,Grotle,Chelcarain,Grotle,수풀부기,ハヤシガメ
Groudon,Groudon,Groudon,Groudon,Groudon,그란돈,グラードン
Groudon,Groudon,Groudon,Groudon,Groudon,그란돈,グラードン
Grovyle,Massko,Grovyle,Reptain,Grovyle,나무돌이,ジュプトル
Growlithe,Caninos,Growlithe,Fukano,Growlithe,가디,ガーディ
Grubbin,Larvibule,Grubbin,Mabula,Grubbin,턱지충이,アゴジムシ
Grumpig,Groret,Grumpig,Groink,Grumpig,피그킹,ブーピッグ
Gulpin,Gloupti,Gulpin,Schluppuck,Gulpin,꼴깍몬,ゴクリン
Gumshoos,Argouste,Gumshoos,Manguspektor,Gumshoos,형사구스,デカグース
Gurdurr,Ouvrifier,Gurdurr,Strepoli,Gurdurr,토쇠골,ドテッコツ
Guzzlord,Engloutyran,Guzzlord,Schlingking,Guzzlord,악식킹,アクジキング
Gyarados,Léviator,Gyarados,Garados,Gyarados,갸라도스,ギャラドス
Gyarados,Léviator,Gyarados,Garados,Gyarados,갸라도스,ギャラドス
Hakamo-o,Écaïd,Hakamo-o,Mediras,Hakamo-o,짜랑고우,ジャランゴ
Happiny,Ptiravi,Happiny,Wonneira,Happiny,핑복,ピンプク
Hariyama,Hariyama,Hariyama,Hariyama,Hariyama,하리뭉,ハリテヤマ
Haunter,Spectrum,Haunter,Alpollo,Haunter,고우스트,ゴースト
Hawlucha,Brutalibré,Hawlucha,Resladero,Hawlucha,루차불,ルチャブル
Haxorus,Tranchodon,Haxorus,Maxax,Haxorus,액스라이즈,オノノクス
Heatmor,Aflamanoir,Heatmor,Furnifraß,Heatmor,앤티골,クイタラン
Heatran,Heatran,Heatran,Heatran,Heatran,히드런,ヒードラン
Heliolisk,Iguolta,Heliolisk,Elezard,Heliolisk,일레도리자드,エレザード
Helioptile,Galvaran,Helioptile,Eguana,Helioptile,목도리키텔,エリキテル
Heracross,Scarhino,Heracross,Skaraborn,Heracross,헤라크로스,ヘラクロス
Heracross,Scarhino,Heracross,Skaraborn,Heracross,헤라크로스,ヘラクロス
Herdier,Ponchien,Herdier,Terribark,Herdier,하데리어,ハーデリア
Hippopotas,Hippopotas,Hippopotas,Hippopotas,Hippopotas,히포포타스,ヒポポタス
Hippowdon,Hippodocus,Hippowdon,Hippoterus,Hippowdon,하마돈,カバルドン
Hitmonchan,Tygnon,Hitmonchan,Nockchan,Hitmonchan,홍수몬,エビワラー
Hitmonlee,Kicklee,Hitmonlee,Kicklee,Hitmonlee,시라소몬,サワムラー
Hitmontop,Kapoera,Hitmontop,Kapoera,Hitmontop,카포에라,カポエラー
Honchkrow,Corboss,Honchkrow,Kramshef,Honchkrow,돈크로우,ドンカラス
Honedge,Monorpale,Honedge,Gramokles,Honedge,단칼빙,ヒトツキ
Hoopa,Hoopa,Hoopa,Hoopa,Hoopa,후파,フーパ
Hoopa,Hoopa,Hoopa,Hoopa,Hoopa,후파,フーパ
Hoothoot,Hoothoot,Hoothoot,Hoothoot,Hoothoot,부우부,ホーホー
Hoppip,Granivol,Hoppip,Hoppspross,Hoppip,통통코,ハネッコ
Horsea,Hypotrempe,Horsea,Seeper,Horsea,쏘드라,タッツー
Houndoom,Démolosse,Houndoom,Hundemon,Houndoom,헬가,ヘルガー
Houndoom,Démolosse,Houndoom,Hundemon,Houndoom,헬가,ヘルガー
Houndour,Malosse,Houndour,Hunduster,Houndour,델빌,デルビル
Ho-Oh,Ho-Oh,Ho-Oh,Ho-Oh,Ho-Oh,칠색조,ホウオウ
Huntail,Serpang,Huntail,Aalabyss,Huntail,헌테일,ハンテール
Hydreigon,Trioxhydre,Hydreigon,Trikephalo,Hydreigon,삼삼드래,サザンドラ
Hypno,Hypnomade,Hypno,Hypno,Hypno,슬리퍼,スリーパー
Igglybuff,Toudoudou,Igglybuff,Fluffeluff,Igglybuff,푸푸린,ププリン
Illumise,Lumivole,Illumise,Illumise,Illumise,네오비트,イルミーゼ
Incineroar,Félinferno,Incineroar,Fuegro,Incineroar,어흥염,ガオガエン
Infernape,Simiabraz,Infernape,Panferno,Infernape,초염몽,ゴウカザル
Inkay,Sepiatop,Inkay,Iscalar,Inkay,오케이징,マーイーカ
Ivysaur,Herbizarre,Ivysaur,Bisaknosp,Ivysaur,이상해풀,フシギソウ
Jangmo-o,Bébécaille,Jangmo-o,Miniras,Jangmo-o,짜랑꼬,ジャラコ
Jellicent,Moyade,Jellicent,Apoquallyp,Jellicent,탱탱겔,ブルンゲル
Jigglypuff,Rondoudou,Jigglypuff,Pummeluff,Jigglypuff,푸린,プリン
Jirachi,Jirachi,Jirachi,Jirachi,Jirachi,지라치,ジラーチ
Jolteon,Voltali,Jolteon,Blitza,Jolteon,쥬피썬더,サンダース
Joltik,Statitik,Joltik,Wattzapf,Joltik,파쪼옥,バチュル
Jumpluff,Cotovol,Jumpluff,Papungha,Jumpluff,솜솜코,ワタッコ
Jynx,Lippoutou,Jynx,Rossana,Jynx,루주라,ルージュラ
Kabuto,Kabuto,Kabuto,Kabuto,Kabuto,투구,カブト
Kabutops,Kabutops,Kabutops,Kabutops,Kabutops,투구푸스,カブトプス
Kadabra,Kadabra,Kadabra,Kadabra,Kadabra,윤겔라,ユンゲラー
Kakuna,Coconfort,Kakuna,Kokuna,Kakuna,딱충이,コクーン
Kangaskhan,Kangourex,Kangaskhan,Kangama,Kangaskhan,캥카,ガルーラ
Kangaskhan,Kangourex,Kangaskhan,Kangama,Kangaskhan,캥카,ガルーラ
Karrablast,Carabing,Karrablast,Laukaps,Karrablast,딱정곤,カブルモ
Kartana,Katagami,Kartana,Katagami,Kartana,종이신도,カミツルギ
Kecleon,Kecleon,Kecleon,Kecleon,Kecleon,켈리몬,カクレオン
Keldeo,Keldeo,Keldeo,Keldeo,Keldeo,케르디오,ケルディオ
Keldeo,Keldeo,Keldeo,Keldeo,Keldeo,케르디오,ケルディオ
Kingdra,Hyporoi,Kingdra,Seedraking,Kingdra,킹드라,キングドラ
Kingler,Krabboss,Kingler,Kingler,Kingler,킹크랩,キングラー
Kirlia,Kirlia,Kirlia,Kirlia,Kirlia,킬리아,キルリア
Klang,Clic,Klang,Kliklak,Klang,기기어르,ギギアル
Klefki,Trousselin,Klefki,Clavion,Klefki,클레피,クレッフィ
Klink,Tic,Klink,Klikk,Klink,기어르,ギアル
Klinklang,Cliticlic,Klinklang,Klikdiklak,Klinklang,기기기어르,ギギギアル
Koffing,Smogo,Koffing,Smogon,Koffing,또가스,ドガース
Komala,Dodoala,Komala,Koalelu,Komala,자말라,ネッコアラ
Kommo-o,Ékaïser,Kommo-o,Grandiras,Kommo-o,짜랑고우거,ジャラランガ
Krabby,Krabby,Krabby,Krabby,Krabby,크랩,クラブ
Kricketot,Crikzik,Kricketot,Zirpurze,Kricketot,귀뚤뚜기,コロボーシ
Kricketune,Mélokrik,Kricketune,Zirpeise,Kricketune,귀뚤톡크,コロトック
Krokorok,Escroco,Krokorok,Rokkaiman,Krokorok,악비르,ワルビル
Krookodile,Crocorible,Krookodile,Rabigator,Krookodile,악비아르,ワルビアル
Kyogre,Kyogre,Kyogre,Kyogre,Kyogre,가이오가,カイオーガ
Kyogre,Kyogre,Kyogre,Kyogre,Kyogre,가이오가,カイオーガ
Kyurem,Kyurem,Kyurem,Kyurem,Kyurem,큐레무,キュレム
Kyurem,Kyurem,Kyurem,Kyurem,Kyurem,큐레무,キュレム
Kyurem,Kyurem,Kyurem,Kyurem,Kyurem,큐레무,キュレム
Lairon,Galegon,Lairon,Stollrak,Lairon,갱도라,コドラ
Lampent,Mélancolux,Lampent,Laternecto,Lampent,램프라,ランプラー
Landorus,Démétéros,Landorus,Demeteros,Landorus,랜드로스,ランドロス
Landorus,Démétéros,Landorus,Demeteros,Landorus,랜드로스,ランドロス
Lanturn,Lanturn,Lanturn,Lanturn,Lanturn,랜턴,ランターン
Lapras,Lokhlass,Lapras,Lapras,Lapras,라프라스,ラプラス
Larvesta,Pyronille,Larvesta,Ignivor,Larvesta,활화르바,メラルバ
Larvitar,Embrylex,Larvitar,Larvitar,Larvitar,애버라스,ヨーギラス
Latias,Latias,Latias,Latias,Latias,라티아스,ラティアス
Latias,Latias,Latias,Latias,Latias,라티아스,ラティアス
Latios,Latios,Latios,Latios,Latios,라티오스,ラティオス
Latios,Latios,Latios,Latios,Latios,라티오스,ラティオス
Leafeon,Phyllali,Leafeon,Folipurba,Leafeon,리피아,リーフィア
Leavanny,Manternel,Leavanny,Matrifol,Leavanny,모아머,ハハコモリ
Ledian,Coxyclaque,Ledian,Ledian,Ledian,레디안,レディアン
Ledyba,Coxy,Ledyba,Ledyba,Ledyba,레디바,レディバ
Lickilicky,Coudlangue,Lickilicky,Schlurplek,Lickilicky,내룸벨트,ベロベルト
Lickitung,Excelangue,Lickitung,Schlurp,Lickitung,내루미,ベロリンガ
Liepard,Léopardus,Liepard,Kleoparda,Liepard,레파르다스,レパルダス
Lileep,Lilia,Lileep,Liliep,Lileep,릴링,リリーラ
Lilligant,Fragilady,Lilligant,Dressella,Lilligant,드레디어,ドレディア
Lillipup,Ponchiot,Lillipup,Yorkleff,Lillipup,요테리,ヨーテリー
Linoone,Linéon,Linoone,Geradaks,Linoone,직구리,マッスグマ
Litleo,Hélionceau,Litleo,Leufeo,Litleo,레오꼬,シシコ
Litten,Flamiaou,Litten,Flamiau,Litten,냐오불,ニャビー
Litwick,Funécire,Litwick,Lichtel,Litwick,불켜미,ヒトモシ
Lombre,Lombre,Lombre,Lombrero,Lombre,로토스,ハスブレロ
Lopunny,Lockpin,Lopunny,Schlapor,Lopunny,이어롭,ミミロップ
Lopunny,Lockpin,Lopunny,Schlapor,Lopunny,이어롭,ミミロップ
Lotad,Nénupiot,Lotad,Loturzel,Lotad,연꽃몬,ハスボー
Loudred,Ramboum,Loudred,Krakeelo,Loudred,노공룡,ドゴーム
Lucario,Lucario,Lucario,Lucario,Lucario,루카리오,ルカリオ
Lucario,Lucario,Lucario,Lucario,Lucario,루카리오,ルカリオ
Ludicolo,Ludicolo,Ludicolo,Kappalores,Ludicolo,로파파,ルンパッパ
Lugia,Lugia,Lugia,Lugia,Lugia,루기아,ルギア
Lumineon,Luminéon,Lumineon,Lumineon,Lumineon,네오라이트,ネオラント
Lunala,Lunala,Lunala,Lunala,Lunala,루나아라,ルナアーラ
Lunatone,Séléroc,Lunatone,Lunastein,Lunatone,루나톤,ルナトーン
Lurantis,Floramantis,Lurantis,Mantidea,Lurantis,라란티스,ラランテス
Luvdisc,Lovdisc,Luvdisc,Liebiskus,Luvdisc,사랑동이,ラブカス
Luxio,Luxio,Luxio,Luxio,Luxio,럭시오,ルクシオ
Luxray,Luxray,Luxray,Luxtra,Luxray,렌트라,レントラー
Lycanroc,Lougaroc,Lycanroc,Wolwerock,Lycanroc,루가루암,ルガルガン
Lycanroc,Lougaroc,Lycanroc,Wolwerock,Lycanroc,루가루암,ルガルガン
Lycanroc,Lougaroc,Lycanroc,Wolwerock,Lycanroc,루가루암,ルガルガン
Machamp,Mackogneur,Machamp,Machomei,Machamp,괴력몬,カイリキー
Machoke,Machopeur,Machoke,Maschock,Machoke,근육몬,ゴーリキー
Machop,Machoc,Machop,Machollo,Machop,알통몬,ワンリキー
Magby,Magby,Magby,Magby,Magby,마그비,ブビィ
Magcargo,Volcaropod,Magcargo,Magcargo,Magcargo,마그카르고,マグカルゴ
Magearna,Magearna,Magearna,Magearna,Magearna,마기아나,マギアナ
Magikarp,Magicarpe,Magikarp,Karpador,Magikarp,잉어킹,コイキング
Magmar,Magmar,Magmar,Magmar,Magmar,마그마,ブーバー
Magmortar,Maganon,Magmortar,Magbrant,Magmortar,마그마번,ブーバーン
Magnemite,Magnéti,Magnemite,Magnetilo,Magnemite,코일,コイル
Magneton,Magnéton,Magneton,Magneton,Magneton,레어코일,レアコイル
Magnezone,Magnézone,Magnezone,Magnezone,Magnezone,자포코일,ジバコイル
Makuhita,Makuhita,Makuhita,Makuhita,Makuhita,마크탕,マクノシタ
Malamar,Sepiatroce,Malamar,Calamanero,Malamar,칼라마네로,カラマネロ
Mamoswine,Mammochon,Mamoswine,Mamutel,Mamoswine,맘모꾸리,マンムー
Manaphy,Manaphy,Manaphy,Manaphy,Manaphy,마나피,マナフィ
Mandibuzz,Vaututrice,Mandibuzz,Grypheldis,Mandibuzz,버랜지나,バルジーナ
Manectric,Élecsprint,Manectric,Voltenso,Manectric,썬더볼트,ライボルト
Manectric,Élecsprint,Manectric,Voltenso,Manectric,썬더볼트,ライボルト
Mankey,Férosinge,Mankey,Menki,Mankey,망키,マンキー
Mantine,Démanta,Mantine,Mantax,Mantine,만타인,マンタイン
Mantyke,Babimanta,Mantyke,Mantirps,Mantyke,타만타,タマンタ
Maractus,Maracachi,Maractus,Maracamba,Maractus,마라카치,マラカッチ
Mareanie,Vorastérie,Mareanie,Garstella,Mareanie,시마사리,ヒドイデ
Mareep,Wattouat,Mareep,Voltilamm,Mareep,메리프,メリープ
Marill,Marill,Marill,Marill,Marill,마릴,マリル
Marowak,Ossatueur,Marowak,Knogga,Marowak,텅구리,ガラガラ
Marowak,Ossatueur,Marowak,Knogga,Marowak,텅구리,ガラガラ
Marshadow,Marshadow,Marshadow,Marshadow,Marshadow,마샤도,マーシャドー
Marshtomp,Flobio,Marshtomp,Moorabbel,Marshtomp,늪짱이,ヌマクロー
Masquerain,Maskadra,Masquerain,Maskeregen,Masquerain,비나방,アメモース
Mawile,Mysdibule,Mawile,Flunkifer,Mawile,입치트,クチート
Mawile,Mysdibule,Mawile,Flunkifer,Mawile,입치트,クチート
Medicham,Charmina,Medicham,Meditalis,Medicham,요가램,チャーレム
Medicham,Charmina,Medicham,Meditalis,Medicham,요가램,チャーレム
Meditite,Méditikka,Meditite,Meditie,Meditite,요가랑,アサナン
Meganium,Méganium,Meganium,Meganie,Meganium,메가니움,メガニウム
Melmetal,Melmetal,Melmetal,Melmetal,Melmetal,멜메탈,メルメタル
Meloetta,Meloetta,Meloetta,Meloetta,Meloetta,메로엣타,メロエッタ
Meloetta,Meloetta,Meloetta,Meloetta,Meloetta,메로엣타,メロエッタ
Meltan,Meltan,Meltan,Meltan,Meltan,멜탄,メルタン
Meowstic,Mistigrix,Meowstic,Psiaugon,Meowstic,냐오닉스,ニャオニクス
Meowstic,Mistigrix,Meowstic,Psiaugon,Meowstic,냐오닉스,ニャオニクス
Meowth,Miaouss,Meowth,Mauzi,Meowth,나옹,ニャース
Meowth,Miaouss,Meowth,Mauzi,Meowth,나옹,ニャース
Mesprit,Créfollet,Mesprit,Vesprit,Mesprit,엠라이트,エムリット
Metagross,Métalosse,Metagross,Metagross,Metagross,메타그로스,メタグロス
Metagross,Métalosse,Metagross,Metagross,Metagross,메타그로스,メタグロス
Metang,Métang,Metang,Metang,Metang,메탕구,メタング
Metapod,Chrysacier,Metapod,Safcon,Metapod,단데기,トランセル
Mew,Mew,Mew,Mew,Mew,뮤,ミュウ
Mewtwo,Mewtwo,Mewtwo,Mewtu,Mewtwo,뮤츠,ミュウツー
Mewtwo,Mewtwo,Mewtwo,Mewtu,Mewtwo,뮤츠,ミュウツー
Mewtwo,Mewtwo,Mewtwo,Mewtu,Mewtwo,뮤츠,ミュウツー
Mienfoo,Kungfouine,Mienfoo,Lin-Fu,Mienfoo,비조푸,コジョフー
Mienshao,Shaofouine,Mienshao,Wie-Shu,Mienshao,비조도,コジョンド
Mightyena,Grahyèna,Mightyena,Magnayen,Mightyena,그라에나,グラエナ
Milotic,Milobellus,Milotic,Milotic,Milotic,밀로틱,ミロカロス
Miltank,Écrémeuh,Miltank,Miltank,Miltank,밀탱크,ミルタンク
Mime Jr.,Mime Jr.,Mime Jr.,Pantimimi,Mime Jr.,흉내내,マネネ
Mimikyu,Mimiqui,Mimikyu,Mimigma,Mimikyu,따라큐,ミミッキュ
Mimikyu,Mimiqui,Mimikyu,Mimigma,Mimikyu,따라큐,ミミッキュ
Minccino,Chinchidou,Minccino,Picochilla,Minccino,치라미,チラーミィ
Minior,Météno,Minior,Meteno,Minior,메테노,メテノ
Minior,Météno,Minior,Meteno,Minior,메테노,メテノ
Minior,Météno,Minior,Meteno,Minior,메테노,メテノ
Minior,Météno,Minior,Meteno,Minior,메테노,メテノ
Minior,Météno,Minior,Meteno,Minior,메테노,メテノ
Minior,Météno,Minior,Meteno,Minior,메테노,メテノ
Minior,Météno,Minior,Meteno,Minior,메테노,メテノ
Minior,Météno,Minior,Meteno,Minior,메테노,メテノ
Minior,Météno,Minior,Meteno,Minior,메테노,メテノ
Minun,Négapi,Minun,Minun,Minun,마이농,マイナン
Misdreavus,Feuforêve,Misdreavus,Traunfugil,Misdreavus,무우마,ムウマ
Mismagius,Magirêve,Mismagius,Traunmagil,Mismagius,무우마직,ムウマージ
Moltres,Sulfura,Moltres,Lavados,Moltres,파이어,ファイヤー
Monferno,Chimpenfeu,Monferno,Panpyro,Monferno,파이숭이,モウカザル
Morelull,Spododo,Morelull,Bubungus,Morelull,자마슈,ネマシュ
Mothim,Papilord,Mothim,Moterpel,Mothim,나메일,ガーメイル
Mr. Mime,M. Mime,Mr. Mime,Pantimos,Mr. Mime,마임맨,バリヤード
Mudbray,Tiboudet,Mudbray,Pampuli,Mudbray,머드나기,ドロバンコ
Mudkip,Gobou,Mudkip,Hydropi,Mudkip,물짱이,ミズゴロウ
Mudsdale,Bourrinos,Mudsdale,Pampross,Mudsdale,만마드,バンバドロ
Muk,Grotadmorv,Muk,Sleimok,Muk,질뻐기,ベトベトン
Muk,Grotadmorv,Muk,Sleimok,Muk,질뻐기,ベトベトン
Munchlax,Goinfrex,Munchlax,Mampfaxo,Munchlax,먹고자,ゴンベ
Munna,Munna,Munna,Somniam,Munna,몽나,ムンナ
Murkrow,Cornèbre,Murkrow,Kramurx,Murkrow,니로우,ヤミカラス
Musharna,Mushana,Musharna,Somnivora,Musharna,몽얌나,ムシャーナ
Musharna,Mushana,Musharna,Somnivora,Musharna,몽얌나,ムシャーナ
Naganadel,Mandrillon,Naganadel,Agoyon,Naganadel,아고용,アーゴヨン
Natu,Natu,Natu,Natu,Natu,네이티,ネイティ
Necrozma,Necrozma,Necrozma,Necrozma,Necrozma,네크로즈마,ネクロズマ
Necrozma,Necrozma,Necrozma,Necrozma,Necrozma,네크로즈마,ネクロズマ
Necrozma,Necrozma,Necrozma,Necrozma,Necrozma,네크로즈마,ネクロズマ
Necrozma,Necrozma,Necrozma,Necrozma,Necrozma,네크로즈마,ネクロズマ
Nidoking,Nidoking,Nidoking,Nidoking,Nidoking,니드킹,ニドキング
Nidoqueen,Nidoqueen,Nidoqueen,Nidoqueen,Nidoqueen,니드퀸,ニドクイン
Nidoran♀,Nidoran♀,Nidoran♀,Nidoran♀,Nidoran♀,니드런♀,ニドラン♀
Nidoran♂,Nidoran♂,Nidoran♂,Nidoran♂,Nidoran♂,니드런♂,ニドラン♂
Nidorina,Nidorina,Nidorina,Nidorina,Nidorina,니드리나,ニドリーナ
Nidorino,Nidorino,Nidorino,Nidorino,Nidorino,니드리노,ニドリーノ
Nihilego,Zéroïd,Nihilego,Anego,Nihilego,텅비드,ウツロイド
Nincada,Ningale,Nincada,Nincada,Nincada,토중몬,ツチニン
Ninetales,Feunard,Ninetales,Vulnona,Ninetales,나인테일,キュウコン
Ninetales,Feunard,Ninetales,Vulnona,Ninetales,나인테일,キュウコン
Ninjask,Ninjask,Ninjask,Ninjask,Ninjask,아이스크,テッカニン
Noctowl,Noarfang,Noctowl,Noctuh,Noctowl,야부엉,ヨルノズク
Noibat,Sonistrelle,Noibat,eF-eM,Noibat,음뱃,オンバット
Noivern,Bruyverne,Noivern,UHaFnir,Noivern,음번,オンバーン
Nosepass,Tarinor,Nosepass,Nasgnet,Nosepass,코코파스,ノズパス
Numel,Chamallot,Numel,Camaub,Numel,둔타,ドンメル
Nuzleaf,Pifeuil,Nuzleaf,Blanas,Nuzleaf,잎새코,コノハナ
Octillery,Octillery,Octillery,Octillery,Octillery,대포무노,オクタン
Oddish,Mystherbe,Oddish,Myrapla,Oddish,뚜벅쵸,ナゾノクサ
Omanyte,Amonita,Omanyte,Amonitas,Omanyte,암나이트,オムナイト
Omastar,Amonistar,Omastar,Amoroso,Omastar,암스타,オムスター
Onix,Onix,Onix,Onix,Onix,롱스톤,イワーク
Oranguru,Gouroutan,Oranguru,Kommandutan,Oranguru,하랑우탄,ヤレユータン
Oricorio,Plumeline,Oricorio,Choreogel,Oricorio,춤추새,オドリドリ
Oricorio,Plumeline,Oricorio,Choreogel,Oricorio,춤추새,オドリドリ
Oricorio,Plumeline,Oricorio,Choreogel,Oricorio,춤추새,オドリドリ
Oricorio,Plumeline,Oricorio,Choreogel,Oricorio,춤추새,オドリドリ
Oricorio,Plumeline,Oricorio,Choreogel,Oricorio,춤추새,オドリドリ
Oricorio,Plumeline,Oricorio,Choreogel,Oricorio,춤추새,オドリドリ
Oricorio,Plumeline,Oricorio,Choreogel,Oricorio,춤추새,オドリドリ
Oshawott,Moustillon,Oshawott,Ottaro,Oshawott,수댕이,ミジュマル
Pachirisu,Pachirisu,Pachirisu,Pachirisu,Pachirisu,파치리스,パチリス
Palkia,Palkia,Palkia,Palkia,Palkia,펄기아,パルキア
Palossand,Trépassable,Palossand,Colossand,Palossand,모래성이당,シロデスナ
Palossand,Trépassable,Palossand,Colossand,Palossand,모래성이당,シロデスナ
Palpitoad,Batracné,Palpitoad,Mebrana,Palpitoad,두까비,ガマガル
Pancham,Pandespiègle,Pancham,Pam-Pam,Pancham,판짱,ヤンチャム
Pangoro,Pandarbare,Pangoro,Pandagro,Pangoro,부란다,ゴロンダ
Panpour,Flotajou,Panpour,Sodamak,Panpour,앗차프,ヒヤップ
Pansage,Feuillajou,Pansage,Vegimak,Pansage,야나프,ヤナップ
Pansear,Flamajou,Pansear,Grillmak,Pansear,바오프,バオップ
Paras,Paras,Paras,Paras,Paras,파라스,パラス
Parasect,Parasect,Parasect,Parasek,Parasect,파라섹트,パラセクト
Passimian,Quartermac,Passimian,Quartermak,Passimian,내던숭이,ナゲツケサル
Patrat,Ratentif,Patrat,Nagelotz,Patrat,보르쥐,ミネズミ
Pawniard,Scalpion,Pawniard,Gladiantri,Pawniard,자망칼,コマタナ
Pelipper,Bekipan,Pelipper,Pelipper,Pelipper,패리퍼,ペリッパー
Persian,Persian,Persian,Snobilikat,Persian,페르시온,ペルシアン
Persian,Persian,Persian,Snobilikat,Persian,페르시온,ペルシアン
Petilil,Chlorobule,Petilil,Lilminip,Petilil,치릴리,チュリネ
Phanpy,Phanpy,Phanpy,Phanpy,Phanpy,코코리,ゴマゾウ
Phantump,Brocélôme,Phantump,Paragoni,Phantump,나목령,ボクレー
Pheromosa,Cancrelove,Pheromosa,Schabelle,Pheromosa,페로코체,フェローチェ
Phione,Phione,Phione,Phione,Phione,피오네,フィオネ
Pichu,Pichu,Pichu,Pichu,Pichu,피츄,ピチュー
Pidgeot,Roucarnage,Pidgeot,Tauboss,Pidgeot,피죤투,ピジョット
Pidgeot,Roucarnage,Pidgeot,Tauboss,Pidgeot,피죤투,ピジョット
Pidgeotto,Roucoups,Pidgeotto,Tauboga,Pidgeotto,피죤,ピジョン
Pidgey,Roucool,Pidgey,Taubsi,Pidgey,구구,ポッポ
Pidove,Poichigeon,Pidove,Dusselgurr,Pidove,콩둘기,マメパト
Pignite,Grotichon,Pignite,Ferkokel,Pignite,차오꿀,チャオブー
Pikachu,Pikachu,Pikachu,Pikachu,Pikachu,피카츄,ピカチュウ
Pikachu,Pikachu,Pikachu,Pikachu,Pikachu,피카츄,ピカチュウ
Pikachu,Pikachu,Pikachu,Pikachu,Pikachu,피카츄,ピカチュウ
Pikachu,Pikachu,Pikachu,Pikachu,Pikachu,피카츄,ピカチュウ
Pikachu,Pikachu,Pikachu,Pikachu,Pikachu,피카츄,ピカチュウ
Pikachu,Pikachu,Pikachu,Pikachu,Pikachu,피카츄,ピカチュウ
Pikachu,Pikachu,Pikachu,Pikachu,Pikachu,피카츄,ピカチュウ
Pikachu,Pikachu,Pikachu,Pikachu,Pikachu,피카츄,ピカチュウ
Pikachu,Pikachu,Pikachu,Pikachu,Pikachu,피카츄,ピカチュウ
Pikachu,Pikachu,Pikachu,Pikachu,Pikachu,피카츄,ピカチュウ
Pikipek,Picassaut,Pikipek,Peppeck,Pikipek,콕코구리,ツツケラ
Piloswine,Cochignon,Piloswine,Keifel,Piloswine,메꾸리,イノムー
Pineco,Pomdepik,Pineco,Tannza,Pineco,피콘,クヌギダマ
Pinsir,Scarabrute,Pinsir,Pinsir,Pinsir,쁘사이저,カイロス
Pinsir,Scarabrute,Pinsir,Pinsir,Pinsir,쁘사이저,カイロス
Piplup,Tiplouf,Piplup,Plinfa,Piplup,팽도리,ポッチャマ
Plusle,Posipi,Plusle,Plusle,Plusle,플러시,プラスル
Poipole,Vémini,Poipole,Venicro,Poipole,베베놈,ベベノム
Politoed,Tarpaud,Politoed,Quaxo,Politoed,왕구리,ニョロトノ
Poliwag,Ptitard,Poliwag,Quapsel,Poliwag,발챙이,ニョロモ
Poliwhirl,Têtarte,Poliwhirl,Quaputzi,Poliwhirl,슈륙챙이,ニョロゾ
Poliwrath,Tartard,Poliwrath,Quappo,Poliwrath,강챙이,ニョロボン
Ponyta,Ponyta,Ponyta,Ponita,Ponyta,포니타,ポニータ
Poochyena,Medhyèna,Poochyena,Fiffyen,Poochyena,포챠나,ポチエナ
Popplio,Otaquin,Popplio,Robball,Popplio,누리공,アシマリ
Porygon,Porygon,Porygon,Porygon,Porygon,폴리곤,ポリゴン
Porygon2,Porygon2,Porygon2,Porygon2,Porygon2,폴리곤2,ポリゴン２
Porygon-Z,Porygon-Z,Porygon-Z,Porygon-Z,Porygon-Z,폴리곤Z,ポリゴンＺ
Primarina,Oratoria,Primarina,Primarene,Primarina,누리레느,アシレーヌ
Primeape,Colossinge,Primeape,Rasaff,Primeape,성원숭,オコリザル
Prinplup,Prinplouf,Prinplup,Pliprin,Prinplup,팽태자,ポッタイシ
Probopass,Tarinorme,Probopass,Voluminas,Probopass,대코파스,ダイノーズ
Psyduck,Psykokwak,Psyduck,Enton,Psyduck,고라파덕,コダック
Pumpkaboo,Pitrouille,Pumpkaboo,Irrbis,Pumpkaboo,호바귀,バケッチャ
Pumpkaboo,Pitrouille,Pumpkaboo,Irrbis,Pumpkaboo,호바귀,バケッチャ
Pumpkaboo,Pitrouille,Pumpkaboo,Irrbis,Pumpkaboo,호바귀,バケッチャ
Pumpkaboo,Pitrouille,Pumpkaboo,Irrbis,Pumpkaboo,호바귀,バケッチャ
Pupitar,Ymphect,Pupitar,Pupitar,Pupitar,데기라스,サナギラス
Purrloin,Chacripan,Purrloin,Felilou,Purrloin,쌔비냥,チョロネコ
Purugly,Chaffreux,Purugly,Shnurgarst,Purugly,몬냥이,ブニャット
Pyroar,Némélios,Pyroar,Pyroleo,Pyroar,화염레오,カエンジシ
Pyukumuku,Concombaffe,Pyukumuku,Gufa,Pyukumuku,해무기,ナマコブシ
Quagsire,Maraiste,Quagsire,Morlord,Quagsire,누오,ヌオー
Quilava,Feurisson,Quilava,Igelavar,Quilava,마그케인,マグマラシ
Quilladin,Boguérisse,Quilladin,Igastarnish,Quilladin,도치보구,ハリボーグ
Qwilfish,Qwilfish,Qwilfish,Baldorfish,Qwilfish,침바루,ハリーセン
Raichu,Raichu,Raichu,Raichu,Raichu,라이츄,ライチュウ
Raichu,Raichu,Raichu,Raichu,Raichu,라이츄,ライチュウ
Raikou,Raikou,Raikou,Raikou,Raikou,라이코,ライコウ
Ralts,Tarsal,Ralts,Trasla,Ralts,랄토스,ラルトス
Rampardos,Charkos,Rampardos,Rameidon,Rampardos,램펄드,ラムパルド
Rapidash,Galopa,Rapidash,Gallopa,Rapidash,날쌩마,ギャロップ
Raticate,Rattatac,Raticate,Rattikarl,Raticate,레트라,ラッタ
Raticate,Rattatac,Raticate,Rattikarl,Raticate,레트라,ラッタ
Rattata,Rattata,Rattata,Rattfratz,Rattata,꼬렛,コラッタ
Rattata,Rattata,Rattata,Rattfratz,Rattata,꼬렛,コラッタ
Rattata,Rattata,Rattata,Rattfratz,Rattata,꼬렛,コラッタ
Rattata,Rattata,Rattata,Rattfratz,Rattata,꼬렛,コラッタ
Rattata,Rattata,Rattata,Rattfratz,Rattata,꼬렛,コラッタ
Rayquaza,Rayquaza,Rayquaza,Rayquaza,Rayquaza,레쿠쟈,レックウザ
Rayquaza,Rayquaza,Rayquaza,Rayquaza,Rayquaza,레쿠쟈,レックウザ
Regice,Regice,Regice,Regice,Regice,레지아이스,レジアイス
Regigigas,Regigigas,Regigigas,Regigigas,Regigigas,레지기가스,レジギガス
Regirock,Regirock,Regirock,Regirock,Regirock,레지락,レジロック
Registeel,Registeel,Registeel,Registeel,Registeel,레지스틸,レジスチル
Relicanth,Relicanth,Relicanth,Relicanth,Relicanth,시라칸,ジーランス
Remoraid,Rémoraid,Remoraid,Remoraid,Remoraid,총어,テッポウオ
Reshiram,Reshiram,Reshiram,Reshiram,Reshiram,레시라무,レシラム
Reuniclus,Symbios,Reuniclus,Zytomega,Reuniclus,란쿨루스,ランクルス
Rhydon,Rhinoféros,Rhydon,Rizeros,Rhydon,코뿌리,サイドン
Rhyhorn,Rhinocorne,Rhyhorn,Rihorn,Rhyhorn,뿔카노,サイホーン
Rhyperior,Rhinastoc,Rhyperior,Rihornior,Rhyperior,거대코뿌리,ドサイドン
Ribombee,Rubombelle,Ribombee,Bandelby,Ribombee,에리본,アブリボン
Riolu,Riolu,Riolu,Riolu,Riolu,리오르,リオル
Rockruff,Rocabot,Rockruff,Wuffels,Rockruff,암멍이,イワンコ
Roggenrola,Nodulithe,Roggenrola,Kiesling,Roggenrola,단굴,ダンゴロ
Roselia,Rosélia,Roselia,Roselia,Roselia,로젤리아,ロゼリア
Roserade,Roserade,Roserade,Roserade,Roserade,로즈레이드,ロズレイド
Rotom,Motisma,Rotom,Rotom,Rotom,로토무,ロトム
Rotom,Motisma,Rotom,Rotom,Rotom,로토무,ロトム
Rotom,Motisma,Rotom,Rotom,Rotom,로토무,ロトム
Rotom,Motisma,Rotom,Rotom,Rotom,로토무,ロトム
Rotom,Motisma,Rotom,Rotom,Rotom,로토무,ロトム
Rotom,Motisma,Rotom,Rotom,Rotom,로토무,ロトム
Rowlet,Brindibou,Rowlet,Bauz,Rowlet,나몰빼미,モクロー
Rufflet,Furaiglon,Rufflet,Geronimatz,Rufflet,수리둥보,ワシボン
Sableye,Ténéfix,Sableye,Zobiris,Sableye,깜까미,ヤミラミ
Sableye,Ténéfix,Sableye,Zobiris,Sableye,깜까미,ヤミラミ
Salamence,Drattak,Salamence,Brutalanda,Salamence,보만다,ボーマンダ
Salamence,Drattak,Salamence,Brutalanda,Salamence,보만다,ボーマンダ
Salandit,Tritox,Salandit,Molunk,Salandit,야도뇽,ヤトウモリ
Salazzle,Malamandre,Salazzle,Amfira,Salazzle,염뉴트,エンニュート
Samurott,Clamiral,Samurott,Admurai,Samurott,대검귀,ダイケンキ
Sandile,Mascaïman,Sandile,Ganovil,Sandile,깜눈크,メグロコ
Sandshrew,Sabelette,Sandshrew,Sandan,Sandshrew,모래두지,サンド
Sandshrew,Sabelette,Sandshrew,Sandan,Sandshrew,모래두지,サンド
Sandslash,Sablaireau,Sandslash,Sandamer,Sandslash,고지,サンドパン
Sandslash,Sablaireau,Sandslash,Sandamer,Sandslash,고지,サンドパン
Sandygast,Bacabouh,Sandygast,Sankabuh,Sandygast,모래꿍,スナバァ
Sawk,Karaclée,Sawk,Karadonis,Sawk,타격귀,ダゲキ
Sawsbuck,Haydaim,Sawsbuck,Kronjuwild,Sawsbuck,바라철록,メブキジカ
Sawsbuck,Haydaim,Sawsbuck,Kronjuwild,Sawsbuck,바라철록,メブキジカ
Sawsbuck,Haydaim,Sawsbuck,Kronjuwild,Sawsbuck,바라철록,メブキジカ
Sawsbuck,Haydaim,Sawsbuck,Kronjuwild,Sawsbuck,바라철록,メブキジカ
Scatterbug,Lépidonille,Scatterbug,Purmel,Scatterbug,분이벌레,コフキムシ
Sceptile,Jungko,Sceptile,Gewaldro,Sceptile,나무킹,ジュカイン
Sceptile,Jungko,Sceptile,Gewaldro,Sceptile,나무킹,ジュカイン
Scizor,Cizayox,Scizor,Scherox,Scizor,핫삼,ハッサム
Scizor,Cizayox,Scizor,Scherox,Scizor,핫삼,ハッサム
Scolipede,Brutapode,Scolipede,Cerapendra,Scolipede,펜드라,ペンドラー
Scrafty,Baggaïd,Scrafty,Irokex,Scrafty,곤율거니,ズルズキン
Scraggy,Baggiguane,Scraggy,Zurrokex,Scraggy,곤율랭,ズルッグ
Scyther,Insécateur,Scyther,Sichlor,Scyther,스라크,ストライク
Seadra,Hypocéan,Seadra,Seemon,Seadra,시드라,シードラ
Seaking,Poissoroy,Seaking,Golking,Seaking,왕콘치,アズマオウ
Sealeo,Phogleur,Sealeo,Seejong,Sealeo,씨레오,トドグラー
Seedot,Grainipiot,Seedot,Samurzel,Seedot,도토링,タネボー
Seel,Otaria,Seel,Jurob,Seel,쥬쥬,パウワウ
Seismitoad,Crapustule,Seismitoad,Branawarz,Seismitoad,두빅굴,ガマゲロゲ
Sentret,Fouinette,Sentret,Wiesor,Sentret,꼬리선,オタチ
Serperior,Majaspic,Serperior,Serpiroyal,Serperior,샤로다,ジャローダ
Servine,Lianaja,Servine,Efoserp,Servine,샤비,ジャノビー
Seviper,Séviper,Seviper,Vipitis,Seviper,세비퍼,ハブネーク
Sewaddle,Larveyette,Sewaddle,Strawickl,Sewaddle,두르보,クルミル
Sharpedo,Sharpedo,Sharpedo,Tohaido,Sharpedo,샤크니아,サメハダー
Sharpedo,Sharpedo,Sharpedo,Tohaido,Sharpedo,샤크니아,サメハダー
Shaymin,Shaymin,Shaymin,Shaymin,Shaymin,쉐이미,シェイミ
Shaymin,Shaymin,Shaymin,Shaymin,Shaymin,쉐이미,シェイミ
Shedinja,Munja,Shedinja,Ninjatom,Shedinja,껍질몬,ヌケニン
Shelgon,Drackhaus,Shelgon,Draschel,Shelgon,쉘곤,コモルー
Shellder,Kokiyas,Shellder,Muschas,Shellder,셀러,シェルダー
Shellos,Sancoki,Shellos,Schalellos,Shellos,깝질무,カラナクシ
Shellos,Sancoki,Shellos,Schalellos,Shellos,깝질무,カラナクシ
Shelmet,Escargaume,Shelmet,Schnuthelm,Shelmet,쪼마리,チョボマキ
Shieldon,Dinoclier,Shieldon,Schilterus,Shieldon,방패톱스,タテトプス
Shiftry,Tengalice,Shiftry,Tengulist,Shiftry,다탱구,ダーテング
Shiinotic,Lampignon,Shiinotic,Lamellux,Shiinotic,마셰이드,マシェード
Shinx,Lixy,Shinx,Sheinux,Shinx,꼬링크,コリンク
Shinx,Lixy,Shinx,Sheinux,Shinx,꼬링크,コリンク
Shroomish,Balignon,Shroomish,Knilz,Shroomish,버섯꼬,キノココ
Shuckle,Caratroc,Shuckle,Pottrott,Shuckle,단단지,ツボツボ
Shuppet,Polichombr,Shuppet,Shuppet,Shuppet,어둠대신,カゲボウズ
Sigilyph,Cryptéro,Sigilyph,Symvolara,Sigilyph,심보러,シンボラー
Silcoon,Armulys,Silcoon,Schaloko,Silcoon,실쿤,カラサリス
Silvally,Silvallié,Silvally,Amigento,Silvally,실버디,シルヴァディ
Silvally,Silvallié,Silvally,Amigento,Silvally,실버디,シルヴァディ
Silvally,Silvallié,Silvally,Amigento,Silvally,실버디,シルヴァディ
Silvally,Silvallié,Silvally,Amigento,Silvally,실버디,シルヴァディ
Silvally,Silvallié,Silvally,Amigento,Silvally,실버디,シルヴァディ
Silvally,Silvallié,Silvally,Amigento,Silvally,실버디,シルヴァディ
Silvally,Silvallié,Silvally,Amigento,Silvally,실버디,シルヴァディ
Silvally,Silvallié,Silvally,Amigento,Silvally,실버디,シルヴァディ
Silvally,Silvallié,Silvally,Amigento,Silvally,실버디,シルヴァディ
Silvally,Silvallié,Silvally,Amigento,Silvally,실버디,シルヴァディ
Silvally,Silvallié,Silvally,Amigento,Silvally,실버디,シルヴァディ
Silvally,Silvallié,Silvally,Amigento,Silvally,실버디,シルヴァディ
Silvally,Silvallié,Silvally,Amigento,Silvally,실버디,シルヴァディ
Silvally,Silvallié,Silvally,Amigento,Silvally,실버디,シルヴァディ
Silvally,Silvallié,Silvally,Amigento,Silvally,실버디,シルヴァディ
Silvally,Silvallié,Silvally,Amigento,Silvally,실버디,シルヴァディ
Silvally,Silvallié,Silvally,Amigento,Silvally,실버디,シルヴァディ
Silvally,Silvallié,Silvally,Amigento,Silvally,실버디,シルヴァディ
Silvally,Silvallié,Silvally,Amigento,Silvally,실버디,シルヴァディ
Simipour,Flotoutan,Simipour,Sodachita,Simipour,앗차키,ヒヤッキー
Simisage,Feuiloutan,Simisage,Vegichita,Simisage,야나키,ヤナッキー
Simisear,Flamoutan,Simisear,Grillchita,Simisear,바오키,バオッキー
Skarmory,Airmure,Skarmory,Panzaeron,Skarmory,무장조,エアームド
Skiddo,Cabriolaine,Skiddo,Mähikel,Skiddo,메이클,メェークル
Skiploom,Floravol,Skiploom,Hubelupf,Skiploom,두코,ポポッコ
Skitty,Skitty,Skitty,Eneco,Skitty,에나비,エネコ
Skorupi,Rapion,Skorupi,Pionskora,Skorupi,스콜피,スコルピ
Skrelp,Venalgue,Skrelp,Algitt,Skrelp,수레기,クズモー
Skuntank,Moufflair,Skuntank,Skuntank,Skuntank,스컹탱크,スカタンク
Slaking,Monaflèmit,Slaking,Letarking,Slaking,게을킹,ケッキング
Slakoth,Parecool,Slakoth,Bummelz,Slakoth,게을로,ナマケロ
Sliggoo,Colimucus,Sliggoo,Viscargot,Sliggoo,미끄네일,ヌメイル
Slowbro,Flagadoss,Slowbro,Lahmus,Slowbro,야도란,ヤドラン
Slowbro,Flagadoss,Slowbro,Lahmus,Slowbro,야도란,ヤドラン
Slowking,Roigada,Slowking,Laschoking,Slowking,야도킹,ヤドキング
Slowpoke,Ramoloss,Slowpoke,Flegmon,Slowpoke,야돈,ヤドン
Slugma,Limagma,Slugma,Schneckmag,Slugma,마그마그,マグマッグ
Slurpuff,Cupcanaille,Slurpuff,Sabbaione,Slurpuff,나루림,ペロリーム
Smeargle,Queulorior,Smeargle,Farbeagle,Smeargle,루브도,ドーブル
Smoochum,Lippouti,Smoochum,Kussilla,Smoochum,뽀뽀라,ムチュール
Sneasel,Farfuret,Sneasel,Sniebel,Sneasel,포푸니,ニューラ
Snivy,Vipélierre,Snivy,Serpifeu,Snivy,주리비얀,ツタージャ
Snorlax,Ronflex,Snorlax,Relaxo,Snorlax,잠만보,カビゴン
Snorunt,Stalgamin,Snorunt,Schneppke,Snorunt,눈꼬마,ユキワラシ
Snover,Blizzi,Snover,Shnebedeck,Snover,눈쓰개,ユキカブリ
Snubbull,Snubbull,Snubbull,Snubbull,Snubbull,블루,ブルー
Solgaleo,Solgaleo,Solgaleo,Solgaleo,Solgaleo,솔가레오,ソルガレオ
Solosis,Nucléos,Solosis,Monozyto,Solosis,유니란,ユニラン
Solrock,Solaroc,Solrock,Sonnfel,Solrock,솔록,ソルロック
Spearow,Piafabec,Spearow,Habitak,Spearow,깨비참,オニスズメ
Spearow,Piafabec,Spearow,Habitak,Spearow,깨비참,オニスズメ
Spearow,Piafabec,Spearow,Habitak,Spearow,깨비참,オニスズメ
Spewpa,Pérégrain,Spewpa,Puponcho,Spewpa,분떠도리,コフーライ
Spheal,Obalie,Spheal,Seemops,Spheal,대굴레오,タマザラシ
Spinarak,Mimigal,Spinarak,Webarak,Spinarak,페이검,イトマル
Spinda,Spinda,Spinda,Pandir,Spinda,얼루기,パッチール
Spiritomb,Spiritomb,Spiritomb,Kryppuk,Spiritomb,화강돌,ミカルゲ
Spoink,Spoink,Spoink,Spoink,Spoink,피그점프,バネブー
Spritzee,Fluvetin,Spritzee,Parfi,Spritzee,슈쁘,シュシュプ
Squirtle,Carapuce,Squirtle,Schiggy,Squirtle,꼬부기,ゼニガメ
Stakataka,Ama-Ama,Stakataka,Muramura,Stakataka,차곡차곡,ツンデツンデ
Stantler,Cerfrousse,Stantler,Damhirplex,Stantler,노라키,オドシシ
Staraptor,Étouraptor,Staraptor,Staraptor,Staraptor,찌르호크,ムクホーク
Staravia,Étourvol,Staravia,Staravia,Staravia,찌르버드,ムクバード
Starly,Étourmi,Starly,Staralili,Starly,찌르꼬,ムックル
Starmie,Staross,Starmie,Starmie,Starmie,아쿠스타,スターミー
Staryu,Stari,Staryu,Sterndu,Staryu,별가사리,ヒトデマン
Steelix,Steelix,Steelix,Stahlos,Steelix,강철톤,ハガネール
Steelix,Steelix,Steelix,Stahlos,Steelix,강철톤,ハガネール
Steenee,Candine,Steenee,Frubaila,Steenee,달무리나,アママイコ
Stoutland,Mastouffe,Stoutland,Bissbark,Stoutland,바랜드,ムーランド
Stufful,Nounourson,Stufful,Velursi,Stufful,포곰곰,ヌイコグマ
Stunfisk,Limonde,Stunfisk,Flunschlik,Stunfisk,메더,マッギョ
Stunky,Moufouette,Stunky,Skunkapuh,Stunky,스컹뿡,スカンプー
Sudowoodo,Simularbre,Sudowoodo,Mogelbaum,Sudowoodo,꼬지모,ウソッキー
Suicune,Suicune,Suicune,Suicune,Suicune,스이쿤,スイクン
Sunflora,Héliatronc,Sunflora,Sonnflora,Sunflora,해루미,キマワリ
Sunkern,Tournegrin,Sunkern,Sonnkern,Sunkern,해너츠,ヒマナッツ
Surskit,Arakdo,Surskit,Gehweiher,Surskit,비구술,アメタマ
Swablu,Tylton,Swablu,Wablu,Swablu,파비코,チルット
Swadloon,Couverdure,Swadloon,Folikon,Swadloon,두르쿤,クルマユ
Swalot,Avaltout,Swalot,Schlukwech,Swalot,꿀꺽몬,マルノーム
Swampert,Laggron,Swampert,Sumpex,Swampert,대짱이,ラグラージ
Swampert,Laggron,Swampert,Sumpex,Swampert,대짱이,ラグラージ
Swanna,Lakmécygne,Swanna,Swaroness,Swanna,스완나,スワンナ
Swellow,Hélédelle,Swellow,Schwalboss,Swellow,스왈로,オオスバメ
Swinub,Marcacrin,Swinub,Quiekel,Swinub,꾸꾸리,ウリムー
Swirlix,Sucroquin,Swirlix,Flauschling,Swirlix,나룸퍼프,ペロッパフ
Swoobat,Rhinolove,Swoobat,Fletiamo,Swoobat,맘박쥐,ココロモリ
Sylveon,Nymphali,Sylveon,Feelinara,Sylveon,님피아,ニンフィア
Taillow,Nirondelle,Taillow,Schwalbini,Taillow,테일로,スバメ
Talonflame,Flambusard,Talonflame,Fiaro,Talonflame,파이어로,ファイアロー
Tangela,Saquedeneu,Tangela,Tangela,Tangela,덩쿠리,モンジャラ
Tangrowth,Bouldeneu,Tangrowth,Tangoloss,Tangrowth,덩쿠림보,モジャンボ
Tapu Bulu,Tokotoro,Tapu Bulu,Kapu-Toro,Tapu Bulu,카푸브루루,カプ・ブルル
Tapu Fini,Tokopisco,Tapu Fini,Kapu-Kime,Tapu Fini,카푸느지느,カプ・レヒレ
Tapu Koko,Tokorico,Tapu Koko,Kapu-Riki,Tapu Koko,카푸꼬꼬꼭,カプ・コケコ
Tapu Lele,Tokopiyon,Tapu Lele,Kapu-Fala,Tapu Lele,카푸나비나,カプ・テテフ
Tapu Lele,Tokopiyon,Tapu Lele,Kapu-Fala,Tapu Lele,카푸나비나,カプ・テテフ
Tapu Lele,Tokopiyon,Tapu Lele,Kapu-Fala,Tapu Lele,카푸나비나,カプ・テテフ
Tapu Lele,Tokopiyon,Tapu Lele,Kapu-Fala,Tapu Lele,카푸나비나,カプ・テテフ
Tapu Lele,Tokopiyon,Tapu Lele,Kapu-Fala,Tapu Lele,카푸나비나,カプ・テテフ
Tapu Lele,Tokopiyon,Tapu Lele,Kapu-Fala,Tapu Lele,카푸나비나,カプ・テテフ
Tapu Lele,Tokopiyon,Tapu Lele,Kapu-Fala,Tapu Lele,카푸나비나,カプ・テテフ
Tauros,Tauros,Tauros,Tauros,Tauros,켄타로스,ケンタロス
Teddiursa,Teddiursa,Teddiursa,Teddiursa,Teddiursa,깜지곰,ヒメグマ
Tentacool,Tentacool,Tentacool,Tentacha,Tentacool,왕눈해,メノクラゲ
Tentacruel,Tentacruel,Tentacruel,Tentoxa,Tentacruel,독파리,ドククラゲ
Tepig,Gruikui,Tepig,Floink,Tepig,뚜꾸리,ポカブ
Terrakion,Terrakium,Terrakion,Terrakium,Terrakion,테라키온,テラキオン
Throh,Judokrak,Throh,Jiutesto,Throh,던지미,ナゲキ
Thundurus,Fulguris,Thundurus,Voltolos,Thundurus,볼트로스,ボルトロス
Thundurus,Fulguris,Thundurus,Voltolos,Thundurus,볼트로스,ボルトロス
Timburr,Charpenti,Timburr,Praktibalk,Timburr,으랏차,ドッコラー
Tirtouga,Carapagos,Tirtouga,Galapaflos,Tirtouga,프로토가,プロトーガ
Togedemaru,Togedemaru,Togedemaru,Togedemaru,Togedemaru,토게데마루,トゲデマル
Togekiss,Togekiss,Togekiss,Togekiss,Togekiss,토게키스,トゲキッス
Togepi,Togepi,Togepi,Togepi,Togepi,토게피,トゲピー
Togetic,Togetic,Togetic,Togetic,Togetic,토게틱,トゲチック
Torchic,Poussifeu,Torchic,Flemmli,Torchic,아차모,アチャモ
Torkoal,Chartor,Torkoal,Qurtel,Torkoal,코터스,コータス
Tornadus,Boréas,Tornadus,Boreos,Tornadus,토네로스,トルネロス
Tornadus,Boréas,Tornadus,Boreos,Tornadus,토네로스,トルネロス
Torracat,Matoufeu,Torracat,Miezunder,Torracat,냐오히트,ニャヒート
Torterra,Torterra,Torterra,Chelterrar,Torterra,토대부기,ドダイトス
Totodile,Kaiminus,Totodile,Karnimani,Totodile,리아코,ワニノコ
Toucannon,Bazoucan,Toucannon,Tukanon,Toucannon,왕큰부리,ドデカバシ
Toxapex,Prédastérie,Toxapex,Aggrostella,Toxapex,더시마사리,ドヒドイデ
Toxicroak,Coatox,Toxicroak,Toxiquak,Toxicroak,독개굴,ドクロッグ
Tranquill,Colombeau,Tranquill,Navitaub,Tranquill,유토브,ハトーボー
Trapinch,Kraknoix,Trapinch,Knacklion,Trapinch,톱치,ナックラー
Treecko,Arcko,Treecko,Geckarbor,Treecko,나무지기,キモリ
Trevenant,Desséliande,Trevenant,Trombork,Trevenant,대로트,オーロット
Tropius,Tropius,Tropius,Tropius,Tropius,트로피우스,トロピウス
Trubbish,Miamiasme,Trubbish,Unratütox,Trubbish,깨봉이,ヤブクロン
Trumbeak,Piclairon,Trumbeak,Trompeck,Trumbeak,크라파,ケララッパ
Tsareena,Sucreine,Tsareena,Fruyal,Tsareena,달코퀸,アマージョ
Turtonator,Boumata,Turtonator,Tortunator,Turtonator,폭거북스,バクガメス
Turtwig,Tortipouss,Turtwig,Chelast,Turtwig,모부기,ナエトル
Tympole,Tritonde,Tympole,Schallquap,Tympole,동챙이,オタマロ
Tynamo,Anchwatt,Tynamo,Zapplardin,Tynamo,저리어,シビシラス
Type: Null,Type:0,Tipo Zero,Typ:Null,Código Cero,타입:널,タイプ：ヌル
Typhlosion,Typhlosion,Typhlosion,Tornupto,Typhlosion,블레이범,バクフーン
Tyranitar,Tyranocif,Tyranitar,Despotar,Tyranitar,마기라스,バンギラス
Tyranitar,Tyranocif,Tyranitar,Despotar,Tyranitar,마기라스,バンギラス
Tyrantrum,Rexillius,Tyrantrum,Monargoras,Tyrantrum,견고라스,ガチゴラス
Tyrogue,Debugant,Tyrogue,Rabauz,Tyrogue,배루키,バルキー
Tyrunt,Ptyranidur,Tyrunt,Balgoras,Tyrunt,티고라스,チゴラス
Umbreon,Noctali,Umbreon,Nachtara,Umbreon,블래키,ブラッキー
Unfezant,Déflaisan,Unfezant,Fasasnob,Unfezant,켄호로우,ケンホロウ
Unown,Zarbi,Unown,Icognito,Unown,안농,アンノーン
Unown,Zarbi,Unown,Icognito,Unown,안농,アンノーン
Unown,Zarbi,Unown,Icognito,Unown,안농,アンノーン
Unown,Zarbi,Unown,Icognito,Unown,안농,アンノーン
Unown,Zarbi,Unown,Icognito,Unown,안농,アンノーン
Unown,Zarbi,Unown,Icognito,Unown,안농,アンノーン
Unown,Zarbi,Unown,Icognito,Unown,안농,アンノーン
Unown,Zarbi,Unown,Icognito,Unown,안농,アンノーン
Unown,Zarbi,Unown,Icognito,Unown,안농,アンノーン
Unown,Zarbi,Unown,Icognito,Unown,안농,アンノーン
Unown,Zarbi,Unown,Icognito,Unown,안농,アンノーン
Unown,Zarbi,Unown,Icognito,Unown,안농,アンノーン
Unown,Zarbi,Unown,Icognito,Unown,안농,アンノーン
Unown,Zarbi,Unown,Icognito,Unown,안농,アンノーン
Unown,Zarbi,Unown,Icognito,Unown,안농,アンノーン
Unown,Zarbi,Unown,Icognito,Unown,안농,アンノーン
Unown,Zarbi,Unown,Icognito,Unown,안농,アンノーン
Unown,Zarbi,Unown,Icognito,Unown,안농,アンノーン
Unown,Zarbi,Unown,Icognito,Unown,안농,アンノーン
Unown,Zarbi,Unown,Icognito,Unown,안농,アンノーン
Unown,Zarbi,Unown,Icognito,Unown,안농,アンノーン
Unown,Zarbi,Unown,Icognito,Unown,안농,アンノーン
Unown,Zarbi,Unown,Icognito,Unown,안농,アンノーン
Unown,Zarbi,Unown,Icognito,Unown,안농,アンノーン
Unown,Zarbi,Unown,Icognito,Unown,안농,アンノーン
Unown,Zarbi,Unown,Icognito,Unown,안농,アンノーン
Unown,Zarbi,Unown,Icognito,Unown,안농,アンノーン
Unown,Zarbi,Unown,Icognito,Unown,안농,アンノーン
Ursaring,Ursaring,Ursaring,Ursaring,Ursaring,링곰,リングマ
Uxie,Créhelf,Uxie,Selfe,Uxie,유크시,ユクシー
Vanillish,Sorboul,Vanillish,Gelatroppo,Vanillish,바닐리치,バニリッチ
Vanillite,Sorbébé,Vanillite,Gelatini,Vanillite,바닐프티,バニプッチ
Vanilluxe,Sorbouboul,Vanilluxe,Gelatwino,Vanilluxe,배바닐라,バイバニラ
Vaporeon,Aquali,Vaporeon,Aquana,Vaporeon,샤미드,シャワーズ
Venipede,Venipatte,Venipede,Toxiped,Venipede,마디네,フシデ
Venomoth,Aéromite,Venomoth,Omot,Venomoth,도나리,モルフォン
Venonat,Mimitoss,Venonat,Bluzuk,Venonat,콘팡,コンパン
Venusaur,Florizarre,Venusaur,Bisaflor,Venusaur,이상해꽃,フシギバナ
Venusaur,Florizarre,Venusaur,Bisaflor,Venusaur,이상해꽃,フシギバナ
Vespiquen,Apireine,Vespiquen,Honweisel,Vespiquen,비퀸,ビークイン
Vibrava,Vibraninf,Vibrava,Vibrava,Vibrava,비브라바,ビブラーバ
Victini,Victini,Victini,Victini,Victini,비크티니,ビクティニ
Victreebel,Empiflor,Victreebel,Sarzenia,Victreebel,우츠보트,ウツボット
Vigoroth,Vigoroth,Vigoroth,Muntier,Vigoroth,발바로,ヤルキモノ
Vikavolt,Lucanon,Vikavolt,Donarion,Vikavolt,투구뿌논,クワガノン
Vileplume,Rafflesia,Vileplume,Giflor,Vileplume,라플레시아,ラフレシア
Virizion,Viridium,Virizion,Viridium,Virizion,비리디온,ビリジオン
Vivillon,Prismillon,Vivillon,Vivillon,Vivillon,비비용,ビビヨン
Vivillon,Prismillon,Vivillon,Vivillon,Vivillon,비비용,ビビヨン
Vivillon,Prismillon,Vivillon,Vivillon,Vivillon,비비용,ビビヨン
Vivillon,Prismillon,Vivillon,Vivillon,Vivillon,비비용,ビビヨン
Vivillon,Prismillon,Vivillon,Vivillon,Vivillon,비비용,ビビヨン
Vivillon,Prismillon,Vivillon,Vivillon,Vivillon,비비용,ビビヨン
Vivillon,Prismillon,Vivillon,Vivillon,Vivillon,비비용,ビビヨン
Vivillon,Prismillon,Vivillon,Vivillon,Vivillon,비비용,ビビヨン
Vivillon,Prismillon,Vivillon,Vivillon,Vivillon,비비용,ビビヨン
Vivillon,Prismillon,Vivillon,Vivillon,Vivillon,비비용,ビビヨン
Vivillon,Prismillon,Vivillon,Vivillon,Vivillon,비비용,ビビヨン
Vivillon,Prismillon,Vivillon,Vivillon,Vivillon,비비용,ビビヨン
Vivillon,Prismillon,Vivillon,Vivillon,Vivillon,비비용,ビビヨン
Vivillon,Prismillon,Vivillon,Vivillon,Vivillon,비비용,ビビヨン
Vivillon,Prismillon,Vivillon,Vivillon,Vivillon,비비용,ビビヨン
Vivillon,Prismillon,Vivillon,Vivillon,Vivillon,비비용,ビビヨン
Vivillon,Prismillon,Vivillon,Vivillon,Vivillon,비비용,ビビヨン
Vivillon,Prismillon,Vivillon,Vivillon,Vivillon,비비용,ビビヨン
Vivillon,Prismillon,Vivillon,Vivillon,Vivillon,비비용,ビビヨン
Vivillon,Prismillon,Vivillon,Vivillon,Vivillon,비비용,ビビヨン
Volbeat,Muciole,Volbeat,Volbeat,Volbeat,볼비트,バルビート
Volcanion,Volcanion,Volcanion,Volcanion,Volcanion,볼케니온,ボルケニオン
Volcanion,Volcanion,Volcanion,Volcanion,Volcanion,볼케니온,ボルケニオン
Volcarona,Pyrax,Volcarona,Ramoth,Volcarona,불카모스,ウルガモス
Voltorb,Voltorbe,Voltorb,Voltobal,Voltorb,찌리리공,ビリリダマ
Vullaby,Vostourno,Vullaby,Skallyk,Vullaby,벌차이,バルチャイ
Vulpix,Goupix,Vulpix,Vulpix,Vulpix,식스테일,ロコン
Vulpix,Goupix,Vulpix,Vulpix,Vulpix,식스테일,ロコン
Wailmer,Wailmer,Wailmer,Wailmer,Wailmer,고래왕자,ホエルコ
Wailord,Wailord,Wailord,Wailord,Wailord,고래왕,ホエルオー
Walrein,Kaimorse,Walrein,Walraisa,Walrein,씨카이저,トドゼルガ
Wartortle,Carabaffe,Wartortle,Schillok,Wartortle,어니부기,カメール
Watchog,Miradar,Watchog,Kukmarda,Watchog,보르그,ミルホッグ
Weavile,Dimoret,Weavile,Snibunna,Weavile,포푸니라,マニューラ
Weedle,Aspicot,Weedle,Hornliu,Weedle,뿔충이,ビードル
Weepinbell,Boustiflor,Weepinbell,Ultrigaria,Weepinbell,우츠동,ウツドン
Weezing,Smogogo,Weezing,Smogmog,Weezing,또도가스,マタドガス
Whimsicott,Farfaduvet,Whimsicott,Elfun,Whimsicott,엘풍,エルフーン
Whirlipede,Scobolide,Whirlipede,Rollum,Whirlipede,휠구,ホイーガ
Whiscash,Barbicha,Whiscash,Welsar,Whiscash,메깅,ナマズン
Whismur,Chuchmur,Whismur,Flurmel,Whismur,소곤룡,ゴニョニョ
Wigglytuff,Grodoudou,Wigglytuff,Knuddeluff,Wigglytuff,푸크린,プクリン
Wimpod,Sovkipou,Wimpod,Reißlaus,Wimpod,꼬시레,コソクムシ
Wimpod,Sovkipou,Wimpod,Reißlaus,Wimpod,꼬시레,コソクムシ
Wimpod,Sovkipou,Wimpod,Reißlaus,Wimpod,꼬시레,コソクムシ
Wimpod,Sovkipou,Wimpod,Reißlaus,Wimpod,꼬시레,コソクムシ
Wimpod,Sovkipou,Wimpod,Reißlaus,Wimpod,꼬시레,コソクムシ
Wingull,Goélise,Wingull,Wingull,Wingull,갈모매,キャモメ
Wishiwashi,Froussardine,Wishiwashi,Lusardin,Wishiwashi,약어리,ヨワシ
Wishiwashi,Froussardine,Wishiwashi,Lusardin,Wishiwashi,약어리,ヨワシ
Wobbuffet,Qulbutoké,Wobbuffet,Woingenau,Wobbuffet,마자용,ソーナンス
Woobat,Chovsourir,Woobat,Fleknoil,Woobat,또르박쥐,コロモリ
Wooper,Axoloto,Wooper,Felino,Wooper,우파,ウパー
Wormadam,Cheniselle,Wormadam,Burmadame,Wormadam,도롱마담,ミノマダム
Wormadam,Cheniselle,Wormadam,Burmadame,Wormadam,도롱마담,ミノマダム
Wormadam,Cheniselle,Wormadam,Burmadame,Wormadam,도롱마담,ミノマダム
Wormadam,Cheniselle,Wormadam,Burmadame,Wormadam,도롱마담,ミノマダム
Wurmple,Chenipotte,Wurmple,Waumpel,Wurmple,개무소,ケムッソ
Wynaut,Okéoké,Wynaut,Isso,Wynaut,마자,ソーナノ
Xatu,Xatu,Xatu,Xatu,Xatu,네이티오,ネイティオ
Xerneas,Xerneas,Xerneas,Xerneas,Xerneas,제르네아스,ゼルネアス
Xurkitree,Câblifère,Xurkitree,Voltriant,Xurkitree,전수목,デンジュモク
Yamask,Tutafeh,Yamask,Makabaja,Yamask,데스마스,デスマス
Yanma,Yanma,Yanma,Yanma,Yanma,왕자리,ヤンヤンマ
Yanmega,Yanmega,Yanmega,Yanmega,Yanmega,메가자리,メガヤンマ
Yungoos,Manglouton,Yungoos,Mangunior,Yungoos,영구스,ヤングース
Yveltal,Yveltal,Yveltal,Yveltal,Yveltal,이벨타르,イベルタル
Zangoose,Mangriff,Zangoose,Sengo,Zangoose,쟝고,ザングース
Zapdos,Électhor,Zapdos,Zapdos,Zapdos,썬더,サンダー
Zebstrika,Zéblitz,Zebstrika,Zebritz,Zebstrika,제브라이카,ゼブライカ
Zekrom,Zekrom,Zekrom,Zekrom,Zekrom,제크로무,ゼクロム
Zeraora,Zeraora,Zeraora,Zeraora,Zeraora,제라오라,ゼラオラ
Zigzagoon,Zigzaton,Zigzagoon,Zigzachs,Zigzagoon,지그제구리,ジグザグマ
Zoroark,Zoroark,Zoroark,Zoroark,Zoroark,조로아크,ゾロアーク
Zorua,Zorua,Zorua,Zorua,Zorua,조로아,ゾロア
Zubat,Nosferapti,Zubat,Zubat,Zubat,주뱃,ズバット
Zweilous,Diamat,Zweilous,Duodino,Zweilous,디헤드,ジヘッド
Zygarde,Zygarde,Zygarde,Zygarde,Zygarde,지가르데,ジガルデ
Zygarde,Zygarde,Zygarde,Zygarde,Zygarde,지가르데,ジガルデ
Zygarde,Zygarde,Zygarde,Zygarde,Zygarde,지가르데,ジガルデ
Zygarde,Zygarde,Zygarde,Zygarde,Zygarde,지가르데,ジガルデ
